"","filename","sentences","wordtypes","swordtypes","lextypes","slextypes","wordtokens","swordtokens","lextokens","slextokens","ld","ls1","ls2","vs1","vs2","cvs1","ndw","ndwz","ndwerz","ndwesz","ttr","msttr","cttr","rttr","logttr","uber","lv","vv1","svv1","cvv1","vv2","nv","adjv","advv","modv"
"1","Anita Hill - Opening Statement",2418,995,563,104,60,31283,26474,8717,8503,0.28,0.98,0.57,0.01,0.18,0.3,995,17,31.2,25.6,0.03,0.53,3.98,5.63,0.67,13.49,0.01,0.02,0.31,0.39,0,0.01,0,0,0.01
"2","Ann Howard Shaw - Fundamental Principle of a Republic",8578,1723,1073,139,90,111201,94065,31226,30214,0.28,0.97,0.62,0.01,0.14,0.27,1723,17,34.4,27.6,0.02,0.53,3.65,5.17,0.64,14.07,0,0.01,0.21,0.33,0,0,0,0,0
"3","Ann Richards - DNC Keynote",2693,1188,715,105,62,34847,29786,9685,9493,0.28,0.98,0.6,0.01,0.17,0.29,1188,17,32.1,25.4,0.03,0.53,4.5,6.36,0.68,14.06,0.01,0.02,0.35,0.42,0,0.01,0,0,0
"4","Arraras22",480,447,280,60,38,6206,5244,1754,1679,0.28,0.96,0.63,0.05,0.65,0.57,447,17,33.2,26.3,0.07,0.52,4.01,5.67,0.7,12.59,0.03,0.08,1.31,0.81,0.01,0.02,0,0.01,0.01
"5","Bachmann138",1882,810,453,93,60,24370,20741,6840,6687,0.28,0.98,0.56,0.01,0.17,0.29,810,17,33.1,25.6,0.03,0.53,3.67,5.19,0.66,13.02,0.01,0.02,0.23,0.34,0,0.01,0,0,0.01
"6","Bachmann145",2081,872,487,72,46,26915,22877,7395,7249,0.27,0.98,0.56,0.01,0.12,0.24,872,17,33.4,27.9,0.03,0.53,3.76,5.32,0.66,13.18,0.01,0.02,0.2,0.31,0,0.01,0,0,0
"7","Bachmann151",1669,861,525,80,51,21603,18344,6029,5874,0.28,0.97,0.61,0.02,0.2,0.31,861,17,33.1,26.3,0.04,0.53,4.14,5.86,0.68,13.42,0.01,0.02,0.27,0.37,0,0.01,0,0,0
"8","Bachmann159",1176,643,365,66,43,15206,12928,4223,4121,0.28,0.98,0.57,0.02,0.27,0.36,643,17,30.6,25.2,0.04,0.52,3.69,5.21,0.67,12.73,0.02,0.03,0.42,0.46,0,0.01,0,0,0
"9","Bachmann167",1194,655,379,63,40,15448,13066,4335,4242,0.28,0.98,0.58,0.02,0.2,0.31,655,17,32.1,25,0.04,0.52,3.73,5.27,0.67,12.78,0.01,0.02,0.24,0.34,0,0.01,0,0,0
"10","Bachmann175",1584,735,426,78,52,20509,17437,5748,5598,0.28,0.97,0.58,0.02,0.2,0.32,735,17,32.1,26,0.04,0.52,3.63,5.13,0.66,12.86,0.01,0.02,0.24,0.35,0,0.01,0,0,0
"11","Bachmann182",1659,774,446,69,47,21471,18277,6103,5980,0.28,0.98,0.58,0.01,0.14,0.27,774,17,32.7,26.5,0.04,0.53,3.74,5.28,0.67,13,0.01,0.02,0.2,0.32,0,0.01,0,0,0
"12","Bachmann190",1058,648,374,70,44,13691,11658,3851,3775,0.28,0.98,0.58,0.03,0.4,0.45,648,17,32.2,26.9,0.05,0.52,3.92,5.54,0.68,12.91,0.02,0.04,0.68,0.58,0,0.01,0,0,0.01
"13","Bachmann199",1484,787,472,66,44,19210,16262,5374,5256,0.28,0.98,0.6,0.02,0.19,0.31,787,17,32.7,27,0.04,0.52,4.02,5.68,0.68,13.22,0.01,0.02,0.27,0.37,0,0.01,0,0,0
"14","Bachmann207",1521,799,452,85,55,19700,16693,5564,5434,0.28,0.98,0.57,0.02,0.22,0.33,799,17,32.9,26,0.04,0.52,4.03,5.69,0.68,13.25,0.02,0.02,0.3,0.39,0,0.01,0,0,0.01
"15","Bachmann215",1668,743,407,76,48,21593,18303,6077,5916,0.28,0.97,0.55,0.02,0.23,0.34,743,17,33.4,26.5,0.03,0.53,3.58,5.06,0.66,12.84,0.01,0.02,0.34,0.41,0,0.01,0,0,0
"16","Bachmann223",1564,820,460,79,51,20230,17235,5732,5568,0.28,0.97,0.56,0.02,0.24,0.35,820,17,32,26.3,0.04,0.52,4.08,5.77,0.68,13.32,0.01,0.02,0.33,0.41,0,0.01,0,0,0
"17","Barbara Bush - Wellesley Commencement",1270,728,412,63,41,16419,14011,4583,4462,0.28,0.97,0.57,0.02,0.23,0.34,728,17,33.9,26.7,0.04,0.52,4.02,5.68,0.68,13.13,0.01,0.02,0.32,0.4,0,0.01,0,0,0
"18","Barbara Jordan - 1976 DNC Address",1985,868,523,78,52,25660,21811,7162,6991,0.28,0.98,0.6,0.02,0.2,0.31,868,17,33.1,25.9,0.03,0.53,3.83,5.42,0.67,13.22,0.01,0.02,0.38,0.44,0,0.01,0,0,0
"19","Barbara Jordan - Statement on Impeachment Articles",1618,898,571,80,52,20930,17979,5918,5798,0.28,0.98,0.64,0.02,0.23,0.34,898,17,33.5,25.7,0.04,0.53,4.39,6.21,0.68,13.65,0.01,0.02,0.36,0.42,0,0.01,0,0,0.01
"20","Barry Goldwater - RNC",3326,1385,891,122,83,43085,36962,12298,12018,0.29,0.98,0.64,0.01,0.21,0.33,1385,17,33.6,26,0.03,0.52,4.72,6.67,0.68,14.39,0.01,0.02,0.41,0.45,0,0,0,0,0
"21","Bauer322",2985,1102,602,101,59,38660,32684,10927,10728,0.28,0.98,0.55,0.01,0.2,0.31,1102,17,31.4,27.6,0.03,0.53,3.96,5.6,0.66,13.62,0.01,0.02,0.41,0.45,0,0,0,0,0
"22","Bauer326",8332,2117,1341,158,93,107949,91679,30402,29739,0.28,0.98,0.63,0.01,0.17,0.29,2117,17,33.7,26.3,0.02,0.53,4.56,6.44,0.66,14.84,0.01,0.01,0.3,0.39,0,0,0,0,0
"23","Bauer331",1694,867,481,82,53,21943,18669,6262,6135,0.29,0.98,0.55,0.02,0.21,0.32,867,17,32.8,27,0.04,0.53,4.14,5.85,0.68,13.43,0.01,0.02,0.42,0.46,0,0.01,0,0,0
"24","Bauer336",977,669,386,60,43,12637,10777,3553,3490,0.28,0.98,0.58,0.03,0.4,0.44,669,17,34.9,26.6,0.05,0.53,4.21,5.95,0.69,13.18,0.02,0.04,0.53,0.51,0,0.01,0,0,0
"25","Bauer344",2020,929,506,86,56,26174,22143,7401,7268,0.28,0.98,0.54,0.01,0.19,0.31,929,17,32.4,26.3,0.04,0.53,4.06,5.74,0.67,13.46,0.01,0.02,0.29,0.38,0,0.01,0,0,0
"26","Bauer349",1306,742,417,65,45,16907,14337,4784,4668,0.28,0.98,0.56,0.02,0.37,0.43,742,17,34.1,26.1,0.04,0.53,4.04,5.71,0.68,13.17,0.01,0.03,0.47,0.49,0,0.01,0,0,0
"27","Biden240",1669,843,488,78,52,21623,18274,6122,5977,0.28,0.98,0.58,0.02,0.19,0.31,843,17,33,26.1,0.04,0.52,4.05,5.73,0.67,13.34,0.01,0.02,0.26,0.36,0,0.01,0,0,0
"28","Biden246",1965,902,533,88,57,25439,21690,7161,6981,0.28,0.97,0.59,0.01,0.19,0.31,902,17,34.1,26.5,0.04,0.53,4,5.66,0.67,13.38,0.01,0.02,0.32,0.4,0,0.01,0,0,0.01
"29","Biden253",1518,756,409,76,49,19645,16695,5569,5413,0.28,0.97,0.54,0.02,0.23,0.34,756,17,32.5,26.5,0.04,0.53,3.81,5.39,0.67,13.03,0.01,0.02,0.39,0.44,0,0.01,0,0,0
"30","Bradley309",5041,1566,891,124,77,65300,55187,18270,17934,0.28,0.98,0.57,0.01,0.21,0.32,1566,17,33.2,26.4,0.02,0.53,4.33,6.13,0.66,14.31,0.01,0.01,0.34,0.41,0,0,0,0,0
"31","Bradley311",4344,1343,765,106,64,56301,47566,16062,15699,0.29,0.98,0.57,0.01,0.21,0.33,1343,17,35.4,25.7,0.02,0.53,4,5.66,0.66,13.91,0.01,0.01,0.39,0.44,0,0,0,0,0
"32","Bradley312",3340,1151,632,108,64,43253,36609,12284,12001,0.28,0.98,0.55,0.01,0.18,0.3,1151,17,33.9,26.8,0.03,0.53,3.91,5.53,0.66,13.65,0.01,0.02,0.33,0.41,0,0,0,0,0
"33","Bradley313",3340,1183,683,99,58,43253,36589,12077,11842,0.28,0.98,0.58,0.01,0.19,0.31,1183,17,32.9,27.5,0.03,0.53,4.02,5.69,0.66,13.75,0.01,0.01,0.32,0.4,0,0,0,0,0
"34","Bradley315",4380,1359,760,117,69,56738,47898,16095,15811,0.28,0.98,0.56,0.01,0.14,0.26,1359,17,32.8,26.9,0.02,0.53,4.03,5.71,0.66,13.94,0.01,0.01,0.3,0.39,0,0,0,0,0
"35","Bradley316",3116,1014,530,95,53,40352,33935,11374,11083,0.28,0.97,0.52,0.01,0.16,0.29,1014,17,32.2,26.6,0.03,0.53,3.57,5.05,0.65,13.26,0.01,0.02,0.32,0.4,0,0,0,0,0
"36","Bradley317",4236,1316,720,117,71,54891,46233,15538,15229,0.28,0.98,0.55,0.01,0.17,0.29,1316,17,33.2,26.5,0.02,0.53,3.97,5.62,0.66,13.86,0.01,0.01,0.33,0.41,0,0,0,0,0
"37","Brownback300",1023,554,303,58,39,13222,11255,3666,3568,0.28,0.97,0.55,0.03,0.32,0.4,554,17,32.4,26.6,0.04,0.52,3.41,4.82,0.67,12.33,0.02,0.03,0.5,0.5,0,0.01,0,0,0
"38","Bush24",2321,967,557,89,58,30039,25572,8560,8339,0.28,0.97,0.58,0.01,0.16,0.28,967,17,34.2,27.3,0.03,0.53,3.95,5.58,0.67,13.44,0.01,0.01,0.21,0.32,0,0.01,0,0,0
"39","Bush28",2644,1154,705,107,67,34244,29158,9657,9452,0.28,0.98,0.61,0.02,0.3,0.38,1154,17,34.2,25.8,0.03,0.53,4.41,6.24,0.68,13.97,0.01,0.02,0.47,0.49,0,0.01,0,0,0
"40","Bush323",2708,1032,593,99,65,35077,29606,10046,9819,0.29,0.98,0.57,0.01,0.14,0.26,1032,17,32.2,26.8,0.03,0.53,3.9,5.51,0.66,13.49,0.01,0.01,0.26,0.36,0,0,0,0,0
"41","Bush33",1947,925,543,83,52,25198,21435,7118,6942,0.28,0.98,0.59,0.02,0.21,0.33,925,17,34.6,26.1,0.04,0.53,4.12,5.83,0.67,13.5,0.01,0.02,0.32,0.4,0,0.01,0,0,0
"42","Bush332",3985,1330,753,115,71,51629,43794,14758,14474,0.29,0.98,0.57,0.01,0.11,0.23,1330,17,32,24.6,0.03,0.53,4.14,5.85,0.66,13.98,0.01,0.01,0.22,0.33,0,0,0,0,0
"43","Bush39",2368,1017,587,91,61,30677,25970,8598,8380,0.28,0.97,0.58,0.01,0.19,0.31,1017,17,34.9,26.8,0.03,0.53,4.11,5.81,0.67,13.61,0.01,0.02,0.25,0.35,0,0.01,0,0,0
"44","Bush44",1992,820,466,78,48,25786,21767,7201,7005,0.28,0.97,0.57,0.01,0.12,0.25,820,17,32.3,25.8,0.03,0.53,3.61,5.11,0.66,12.99,0.01,0.01,0.17,0.29,0,0.01,0,0,0
"45","Bush50",1587,799,438,75,46,20542,17446,5785,5632,0.28,0.97,0.55,0.02,0.33,0.41,799,17,32.2,26.2,0.04,0.53,3.94,5.57,0.67,13.19,0.01,0.02,0.38,0.43,0,0.01,0,0,0
"46","Bush55",1371,754,456,69,43,17752,15080,5015,4890,0.28,0.98,0.6,0.02,0.2,0.31,754,17,32.1,26.1,0.04,0.53,4,5.66,0.68,13.16,0.01,0.02,0.28,0.37,0,0.01,0,0,0
"47","Bush62",3017,1113,635,105,65,39086,33128,11027,10753,0.28,0.98,0.57,0.02,0.34,0.41,1113,17,33.8,26.8,0.03,0.53,3.98,5.63,0.66,13.64,0.01,0.02,0.52,0.51,0,0,0,0,0
"48","Bush70",1468,825,493,88,59,18997,16135,5428,5296,0.29,0.98,0.6,0.03,0.49,0.5,825,17,31.6,25.2,0.04,0.53,4.23,5.99,0.68,13.44,0.02,0.03,0.61,0.55,0,0.01,0,0,0.01
"49","Cain152",852,555,310,61,42,11031,9338,3115,3042,0.28,0.98,0.56,0.03,0.29,0.38,555,17,32.6,25.9,0.05,0.52,3.74,5.28,0.68,12.59,0.02,0.03,0.4,0.45,0,0.01,0,0,0.01
"50","Cain160",999,580,330,62,42,12923,10961,3585,3505,0.28,0.98,0.57,0.02,0.24,0.34,580,17,34.1,26.8,0.04,0.53,3.61,5.1,0.67,12.54,0.02,0.03,0.28,0.38,0,0.01,0,0.01,0.01
"51","Cain168",1389,782,472,73,46,17978,15356,5041,4946,0.28,0.98,0.6,0.03,0.41,0.46,782,17,34.3,26.7,0.04,0.53,4.12,5.83,0.68,13.3,0.01,0.03,0.65,0.57,0,0.01,0,0,0
"52","Cain176",1460,747,422,67,45,18907,16073,5338,5225,0.28,0.98,0.56,0.02,0.22,0.33,747,17,35,25.6,0.04,0.53,3.84,5.43,0.67,13.03,0.01,0.02,0.26,0.36,0,0.01,0,0,0
"53","Cain183",1530,729,422,72,46,19811,16929,5595,5452,0.28,0.97,0.58,0.02,0.17,0.29,729,17,34.2,25.3,0.04,0.53,3.66,5.18,0.67,12.87,0.01,0.02,0.28,0.38,0,0.01,0,0,0
"54","Cain191",979,657,381,61,45,12678,10715,3556,3492,0.28,0.98,0.58,0.03,0.29,0.38,657,17,33,25.1,0.05,0.52,4.13,5.83,0.69,13.1,0.02,0.03,0.29,0.38,0,0.01,0,0,0
"55","Cain200",917,608,369,61,44,11866,10087,3361,3288,0.28,0.98,0.61,0.03,0.27,0.37,608,17,34.7,25.5,0.05,0.52,3.95,5.58,0.68,12.86,0.02,0.03,0.39,0.44,0,0.01,0,0,0.01
"56","Cain208",901,584,340,58,41,11659,9913,3329,3255,0.29,0.98,0.58,0.03,0.34,0.41,584,17,33,25.7,0.05,0.52,3.82,5.41,0.68,12.72,0.02,0.04,0.53,0.51,0,0.01,0,0,0
"57","Cain216",1382,733,421,71,42,17889,15165,5053,4914,0.28,0.97,0.57,0.02,0.16,0.28,733,17,33.6,25.8,0.04,0.53,3.88,5.48,0.67,13.03,0.01,0.02,0.16,0.28,0,0.01,0,0,0.01
"58","Cain224",1647,841,496,72,43,21321,18059,5929,5770,0.28,0.97,0.59,0.01,0.16,0.29,841,17,32.1,26.5,0.04,0.53,4.07,5.76,0.68,13.35,0.01,0.02,0.2,0.31,0,0.01,0,0,0
"59","Carrie Chapman Catt - Suffrage Speech to Congress",1804,952,608,85,57,23358,19997,6728,6571,0.29,0.98,0.64,0.03,0.48,0.49,952,17,32.2,26.9,0.04,0.53,4.4,6.23,0.68,13.73,0.01,0.03,0.73,0.6,0,0.01,0,0,0
"60","Carrie Chapman Catt - The Crisis",5361,1974,1300,157,98,69427,59535,19685,19296,0.28,0.98,0.66,0.01,0.23,0.34,1974,17,32.2,25.6,0.03,0.53,5.3,7.49,0.68,15.16,0.01,0.02,0.49,0.49,0,0,0,0,0
"61","Carson22",735,498,275,56,36,9503,8069,2628,2569,0.28,0.98,0.55,0.04,0.41,0.46,498,17,32.3,26.9,0.05,0.52,3.61,5.11,0.68,12.36,0.02,0.04,0.41,0.46,0,0.01,0,0,0.01
"62","Chafee13",1608,765,439,76,46,20790,17772,5855,5693,0.28,0.97,0.57,0.02,0.33,0.4,765,17,32,26.3,0.04,0.52,3.75,5.31,0.67,13,0.01,0.03,0.52,0.51,0,0.01,0,0,0.01
"63","Christie29",2591,957,541,101,68,33544,28492,9477,9189,0.28,0.97,0.57,0.02,0.29,0.38,957,17,33.2,27,0.03,0.53,3.69,5.23,0.66,13.26,0.01,0.02,0.47,0.48,0,0.01,0,0,0
"64","Christie34",1797,790,463,84,53,23266,19674,6593,6425,0.28,0.97,0.59,0.01,0.15,0.27,790,17,33,24.1,0.03,0.53,3.66,5.18,0.66,12.98,0.01,0.02,0.24,0.34,0,0.01,0,0,0
"65","Christie40",2783,1036,608,101,66,36056,30536,10145,9885,0.28,0.97,0.59,0.01,0.16,0.28,1036,17,32.8,27.7,0.03,0.53,3.86,5.46,0.66,13.47,0.01,0.01,0.21,0.32,0,0.01,0,0,0
"66","Christie45",1848,833,495,75,47,23938,20182,6616,6464,0.28,0.98,0.59,0.01,0.15,0.27,833,17,33,27.3,0.03,0.53,3.81,5.38,0.67,13.15,0.01,0.02,0.24,0.35,0,0.01,0,0,0
"67","Christie56",1486,738,427,68,43,19231,16296,5336,5228,0.28,0.98,0.58,0.02,0.17,0.29,738,17,32,27.2,0.04,0.53,3.76,5.32,0.67,12.96,0.01,0.02,0.2,0.31,0,0.01,0,0,0
"68","Christie63",2967,1067,610,98,64,38448,32497,10870,10607,0.28,0.98,0.57,0.01,0.29,0.38,1067,17,32.3,25.9,0.03,0.53,3.85,5.44,0.66,13.5,0.01,0.02,0.39,0.44,0,0,0,0,0
"69","Christie71",1097,683,386,71,46,14197,12112,4107,4009,0.29,0.98,0.57,0.02,0.3,0.39,683,17,32.8,25.9,0.05,0.53,4.05,5.73,0.68,13.08,0.02,0.02,0.3,0.39,0,0.01,0,0,0.01
"70","Christie87",2492,987,545,92,52,32293,27328,9122,8923,0.28,0.98,0.55,0.01,0.24,0.34,987,17,31.8,25.7,0.03,0.53,3.88,5.49,0.66,13.42,0.01,0.02,0.33,0.41,0,0,0,0,0
"71","Clarence Darrow - Plea for Mercy",2186,876,516,82,53,28267,24050,7802,7617,0.28,0.98,0.59,0.01,0.15,0.27,876,17,33.7,25.9,0.03,0.53,3.68,5.21,0.66,13.13,0.01,0.02,0.27,0.36,0,0.01,0,0,0
"72","Clinton1",6568,1782,1092,130,77,85086,72065,23843,23320,0.28,0.98,0.61,0.01,0.1,0.23,1782,17,34,27.3,0.02,0.53,4.32,6.11,0.66,14.48,0.01,0.01,0.17,0.29,0,0,0,0,0
"73","Clinton10",273,327,204,40,34,3521,2999,982,967,0.28,0.98,0.62,0.1,1.21,0.78,327,17,31.7,26,0.09,0.53,3.9,5.51,0.71,12.19,0.04,0.11,1.42,0.84,0.01,0.03,0,0,0.01
"74","Clinton2",5949,1705,1031,138,84,77091,65054,21538,21032,0.28,0.98,0.6,0.01,0.18,0.3,1705,17,34.3,26.3,0.02,0.53,4.34,6.14,0.66,14.43,0.01,0.01,0.29,0.38,0,0,0,0,0
"75","Clinton230",4296,1323,757,125,76,55662,46968,15661,15276,0.28,0.98,0.57,0.01,0.12,0.25,1323,17,33.1,26.1,0.02,0.53,3.97,5.61,0.66,13.87,0.01,0.01,0.19,0.31,0,0,0,0,0
"76","Clinton232",6405,1706,1021,155,92,83031,69952,23204,22703,0.28,0.98,0.6,0.01,0.1,0.22,1706,17,34.1,25.8,0.02,0.53,4.19,5.92,0.66,14.34,0.01,0.01,0.18,0.3,0,0,0,0,0
"77","Clinton234",4923,1407,808,127,73,63778,53831,17911,17453,0.28,0.97,0.57,0.01,0.16,0.28,1407,17,32.5,25.5,0.02,0.53,3.94,5.57,0.66,13.94,0.01,0.01,0.32,0.4,0,0,0,0,0
"78","Clinton237",4073,1337,767,129,78,52794,44515,14821,14480,0.28,0.98,0.57,0.01,0.33,0.41,1337,17,33.4,26.7,0.03,0.53,4.11,5.82,0.66,13.97,0.01,0.02,0.53,0.51,0,0,0,0,0
"79","Clinton241",2194,999,554,92,56,28437,23917,8046,7880,0.28,0.98,0.55,0.01,0.18,0.3,999,17,32.5,26.7,0.04,0.53,4.19,5.92,0.67,13.64,0.01,0.02,0.26,0.36,0,0,0,0,0.01
"80","Clinton247",2130,1120,698,100,59,27607,23310,7774,7605,0.28,0.98,0.62,0.01,0.17,0.29,1120,17,32.6,26.6,0.04,0.52,4.77,6.74,0.69,14.17,0.01,0.02,0.26,0.36,0,0.01,0,0.01,0.01
"81","Clinton254",3015,1145,628,111,69,39072,32920,10959,10723,0.28,0.98,0.55,0.01,0.25,0.35,1145,17,33.8,27.5,0.03,0.53,4.1,5.79,0.67,13.75,0.01,0.02,0.36,0.43,0,0,0,0,0
"82","Clinton3",5991,1747,1033,153,86,77604,65713,21836,21254,0.28,0.97,0.59,0.01,0.13,0.25,1747,17,34.4,25.7,0.02,0.53,4.43,6.27,0.66,14.51,0.01,0.01,0.24,0.34,0,0,0,0,0
"83","Clinton5",2379,962,549,89,58,30824,26155,8696,8505,0.28,0.98,0.57,0.01,0.17,0.29,962,17,32.8,26.9,0.03,0.53,3.87,5.48,0.66,13.38,0.01,0.01,0.23,0.34,0,0.01,0,0,0
"84","Clinton6",750,637,416,55,40,9710,8235,2751,2693,0.28,0.98,0.65,0.03,0.42,0.46,637,17,32.8,25.8,0.07,0.53,4.57,6.46,0.7,13.44,0.02,0.04,0.64,0.57,0.01,0.01,0,0,0.01
"85","Clinton7",246,336,227,30,25,3173,2688,881,871,0.28,0.99,0.68,0.08,0.83,0.64,336,17,30,25.6,0.11,0.51,4.22,5.96,0.72,12.57,0.03,0.08,0.83,0.64,0.01,0.02,0,0,0.01
"86","Clinton8",3492,1246,707,128,78,45216,38209,12714,12403,0.28,0.98,0.57,0.01,0.2,0.31,1246,17,32.4,26.7,0.03,0.53,4.14,5.86,0.66,13.89,0.01,0.02,0.41,0.45,0,0,0,0,0
"87","Clinton9",1367,726,400,77,47,17706,14960,5022,4874,0.28,0.97,0.55,0.02,0.25,0.35,726,17,33.8,24.3,0.04,0.52,3.86,5.46,0.67,13.01,0.02,0.03,0.43,0.46,0,0.01,0,0,0.01
"88","Cruz15",3811,1311,774,120,72,49350,42110,13958,13601,0.28,0.97,0.59,0.01,0.11,0.23,1311,17,35.9,26.7,0.03,0.53,4.17,5.9,0.66,13.98,0.01,0.01,0.2,0.32,0,0,0,0,0
"89","Cruz18",3285,1277,761,113,73,42560,36372,12147,11863,0.29,0.98,0.6,0.01,0.28,0.37,1277,17,33.8,25.5,0.03,0.53,4.38,6.19,0.67,14.07,0.01,0.02,0.37,0.43,0,0,0,0,0
"90","Cruz21",3874,1317,786,121,72,50199,42904,14301,13928,0.28,0.97,0.6,0.01,0.16,0.29,1317,17,33.1,28.2,0.03,0.53,4.16,5.88,0.66,13.98,0.01,0.01,0.3,0.39,0,0,0,0,0
"91","Cruz25",2456,1006,595,103,63,31807,27259,9120,8865,0.29,0.97,0.59,0.01,0.2,0.32,1006,17,33.5,27.3,0.03,0.53,3.99,5.64,0.67,13.52,0.01,0.02,0.32,0.4,0,0.01,0,0,0
"92","Cruz30",3478,1386,847,135,87,45051,38554,12737,12479,0.28,0.98,0.61,0.01,0.35,0.42,1386,17,32.4,27,0.03,0.53,4.62,6.53,0.68,14.32,0.01,0.02,0.51,0.51,0,0,0,0,0
"93","Cruz35",2416,1069,638,97,63,31291,26929,8959,8785,0.29,0.98,0.6,0.02,0.26,0.36,1069,17,34.5,26.5,0.03,0.53,4.27,6.04,0.67,13.78,0.01,0.02,0.39,0.44,0,0,0,0,0
"94","Cruz41",2724,1189,708,115,69,35295,30269,10074,9812,0.29,0.97,0.6,0.02,0.3,0.39,1189,17,31.3,25.6,0.03,0.53,4.48,6.33,0.68,14.04,0.01,0.02,0.47,0.49,0,0.01,0,0,0
"95","Cruz46",2414,1046,632,97,63,31260,26927,8864,8677,0.28,0.98,0.6,0.01,0.19,0.31,1046,17,34.7,27.2,0.03,0.54,4.18,5.92,0.67,13.69,0.01,0.02,0.31,0.39,0,0.01,0,0,0
"96","Cruz51",2103,999,577,93,60,27234,23381,7696,7535,0.28,0.98,0.58,0.01,0.19,0.31,999,17,32.4,26.2,0.04,0.53,4.28,6.05,0.68,13.7,0.01,0.02,0.22,0.33,0,0.01,0,0,0.01
"97","Cruz57",1317,712,402,66,44,17043,14588,4820,4717,0.28,0.98,0.56,0.02,0.25,0.35,712,17,34.1,26.7,0.04,0.53,3.86,5.45,0.67,12.98,0.01,0.02,0.29,0.38,0,0.01,0,0,0
"98","Cruz64",1840,957,567,102,63,23843,20426,6844,6672,0.29,0.97,0.59,0.02,0.3,0.39,957,17,32.4,25.4,0.04,0.53,4.38,6.2,0.68,13.72,0.01,0.03,0.57,0.53,0,0.01,0,0,0.01
"99","Cruz72",1034,775,497,76,47,13394,11440,3849,3757,0.29,0.98,0.64,0.03,0.43,0.46,775,17,31.2,25.3,0.06,0.53,4.74,6.7,0.7,13.76,0.02,0.03,0.56,0.53,0,0.01,0,0,0.01
"100","Dodd242",2050,1006,565,98,65,26576,22458,7451,7271,0.28,0.98,0.56,0.02,0.21,0.32,1006,17,32.3,25.9,0.04,0.53,4.36,6.17,0.68,13.77,0.01,0.02,0.31,0.4,0,0.01,0,0,0.01
"101","Dodd248",2011,987,557,88,54,26061,22022,7306,7145,0.28,0.98,0.56,0.01,0.19,0.31,987,17,35,26.9,0.04,0.53,4.32,6.11,0.68,13.72,0.01,0.02,0.25,0.36,0,0.01,0,0,0
"102","Dodd255",2167,944,544,86,54,28070,23733,7907,7711,0.28,0.98,0.58,0.01,0.19,0.31,944,17,34.4,26.5,0.03,0.53,3.98,5.63,0.67,13.43,0.01,0.02,0.32,0.4,0,0.01,0,0,0
"103","Douglas MacArthur - Farewell to Congress Address",3274,1493,966,138,93,42420,36310,12157,11858,0.29,0.98,0.65,0.02,0.38,0.44,1493,17,34.4,26.8,0.04,0.53,5.13,7.25,0.69,14.73,0.01,0.02,0.65,0.57,0,0,0,0,0.01
"104","Douglas MacArthur - Thayer Award Address",1866,1088,712,88,62,24162,20830,6886,6782,0.28,0.98,0.65,0.03,0.7,0.59,1088,17,32.6,27.1,0.05,0.52,4.95,7,0.69,14.27,0.01,0.04,1.01,0.71,0,0.01,0,0,0
"105","Dwight D. Eisenhower - Atoms for Peace",2980,1307,810,126,83,38610,32999,11049,10833,0.29,0.98,0.62,0.01,0.2,0.32,1307,17,31,26.5,0.03,0.52,4.7,6.65,0.68,14.31,0.01,0.02,0.33,0.41,0,0,0,0,0.01
"106","Dwight D. Eisenhower - Farewell Address",2028,1088,657,99,66,26258,22430,7535,7379,0.29,0.98,0.6,0.02,0.31,0.39,1088,17,30.8,27.5,0.04,0.52,4.75,6.71,0.69,14.13,0.01,0.03,0.4,0.45,0,0.01,0,0,0.01
"107","Edwards235",3804,1158,634,116,67,49288,41590,13781,13380,0.28,0.97,0.55,0.01,0.15,0.27,1158,17,36.1,27.5,0.02,0.53,3.69,5.22,0.65,13.52,0.01,0.01,0.26,0.36,0,0,0,0,0
"108","Edwards238",3927,1217,686,108,66,50894,42991,14382,14008,0.28,0.97,0.56,0.01,0.21,0.32,1217,17,33.5,26.3,0.02,0.53,3.81,5.39,0.66,13.66,0.01,0.01,0.3,0.39,0,0,0,0,0
"109","Edwards243",1246,681,395,70,49,16147,13635,4584,4493,0.28,0.98,0.58,0.02,0.25,0.35,681,17,33.8,25.8,0.04,0.53,3.79,5.36,0.67,12.88,0.02,0.02,0.34,0.41,0,0.01,0,0,0.01
"110","Edwards249",2096,853,488,82,52,27167,23031,7689,7492,0.28,0.97,0.57,0.01,0.2,0.32,853,17,34,26.2,0.03,0.53,3.66,5.18,0.66,13.08,0.01,0.02,0.42,0.46,0,0.01,0,0,0
"111","Edwards256",2140,813,415,79,46,27721,23351,7868,7656,0.28,0.97,0.51,0.01,0.17,0.29,813,17,34.4,26.1,0.03,0.53,3.45,4.88,0.66,12.88,0.01,0.02,0.37,0.43,0,0.01,0,0,0
"112","Eleanor Roosevelt - The Struggle for Human Rights",4140,1376,832,109,70,53654,45363,15097,14856,0.28,0.98,0.6,0.01,0.18,0.3,1376,17,32.9,26.9,0.03,0.53,4.2,5.94,0.66,14.06,0.01,0.01,0.26,0.36,0,0,0,0,0
"113","Eleanor Roosvelt - Human Rights Declaration Adoption",1708,795,457,79,51,22130,18788,6241,6123,0.28,0.98,0.57,0.03,0.45,0.47,795,17,32.1,26.8,0.04,0.52,3.78,5.34,0.67,13.07,0.01,0.04,0.88,0.66,0,0.01,0,0,0
"114","Elie Wiesel - Indifference",1869,982,615,81,53,24147,20870,6704,6560,0.28,0.98,0.63,0.02,0.34,0.42,982,17,31.5,26.9,0.04,0.53,4.47,6.32,0.68,13.81,0.01,0.03,0.61,0.55,0,0.01,0,0,0
"115","Elizabeth Glaser - 1992 DNC Address",1166,665,374,71,44,15065,12824,4248,4127,0.28,0.97,0.56,0.02,0.29,0.38,665,17,32.5,26.1,0.04,0.53,3.83,5.42,0.68,12.88,0.02,0.03,0.39,0.44,0,0.01,0,0,0.01
"116","Elizabeth Gurley Flynn - Statement at the Smith Act Trial",8348,2411,1598,184,118,108158,92154,30594,30016,0.28,0.98,0.66,0.01,0.15,0.28,2411,17,33,26.3,0.02,0.53,5.18,7.33,0.67,15.34,0.01,0.01,0.27,0.37,0,0,0,0,0
"117","Emma Goldman - Address to the Jury",5189,1738,1116,146,98,67196,57264,18893,18434,0.28,0.98,0.64,0.01,0.15,0.27,1738,17,32.5,26.9,0.03,0.53,4.74,6.7,0.67,14.68,0.01,0.01,0.25,0.35,0,0,0,0,0
"118","Eugene Debs - Statement to the Court",945,704,451,65,46,12231,10501,3473,3417,0.28,0.98,0.64,0.03,0.32,0.4,704,17,32.5,26.2,0.06,0.52,4.5,6.37,0.7,13.47,0.02,0.04,0.39,0.44,0,0.01,0,0,0.01
"119","FDR - Arsenal of Democracy",4118,1510,951,127,78,53324,45307,15122,14783,0.28,0.98,0.63,0.01,0.16,0.29,1510,17,32,25.4,0.03,0.52,4.62,6.54,0.67,14.43,0.01,0.02,0.38,0.44,0,0,0,0,0
"120","FDR - Commonwealth Club Address",4166,1564,964,136,89,53981,45988,15387,15057,0.29,0.98,0.62,0.01,0.12,0.24,1564,17,31.3,26.8,0.03,0.53,4.76,6.73,0.67,14.56,0.01,0.01,0.2,0.32,0,0,0,0,0
"121","FDR - First Fireside Chat",2016,916,539,89,60,26116,22147,7353,7213,0.28,0.98,0.59,0.02,0.2,0.31,916,17,33.9,25.8,0.04,0.53,4.01,5.67,0.67,13.41,0.01,0.02,0.4,0.44,0,0.01,0,0,0
"122","FDR - First Inaugural Address",2061,1080,681,104,72,26676,22815,7648,7476,0.29,0.98,0.63,0.02,0.37,0.43,1080,17,30.8,26.9,0.04,0.52,4.68,6.61,0.69,14.07,0.01,0.03,0.63,0.56,0,0.01,0,0,0
"123","FDR Pearl Harbor",652,557,362,58,42,8429,7249,2468,2405,0.29,0.97,0.65,0.05,0.5,0.5,557,17,30.8,25.2,0.07,0.52,4.29,6.07,0.7,13.06,0.02,0.06,0.84,0.65,0.01,0.01,0,0.01,0.01
"124","Forbes324",2985,1094,632,98,56,38669,32809,10877,10598,0.28,0.97,0.58,0.01,0.23,0.34,1094,17,33.4,27,0.03,0.53,3.93,5.56,0.66,13.59,0.01,0.02,0.41,0.45,0,0,0,0,0
"125","Forbes328",2373,1026,611,83,52,30744,26050,8784,8593,0.29,0.98,0.6,0.02,0.28,0.38,1026,17,34.8,27.1,0.03,0.52,4.14,5.85,0.67,13.64,0.01,0.02,0.39,0.44,0,0,0,0,0
"126","Forbes333",1789,913,541,98,63,23165,19735,6568,6414,0.28,0.98,0.59,0.03,0.64,0.57,913,17,32.2,26.1,0.04,0.52,4.24,6,0.68,13.57,0.01,0.03,0.95,0.69,0,0.01,0,0,0.01
"127","Forbes338",1170,661,383,67,45,15139,12965,4334,4243,0.29,0.98,0.58,0.03,0.34,0.41,661,17,32.3,25.8,0.04,0.53,3.8,5.37,0.67,12.85,0.02,0.03,0.45,0.47,0,0.01,0,0,0.01
"128","Forbes346",1892,846,476,70,50,24499,20734,6869,6743,0.28,0.98,0.56,0.02,0.22,0.34,846,17,31.6,25.5,0.03,0.53,3.82,5.41,0.67,13.18,0.01,0.02,0.26,0.36,0,0.01,0,0,0
"129","Forbes350",1422,752,424,71,49,18410,15589,5173,5048,0.28,0.98,0.56,0.02,0.23,0.34,752,17,33.1,26.4,0.04,0.53,3.92,5.54,0.67,13.1,0.01,0.02,0.28,0.37,0,0.01,0,0,0.01
"130","GBush318",2800,1044,568,94,59,36242,30732,10311,10108,0.28,0.98,0.54,0.01,0.25,0.35,1044,17,32.7,25.6,0.03,0.53,3.88,5.48,0.66,13.49,0.01,0.02,0.37,0.43,0,0,0,0,0
"131","GBush320",4788,1355,792,128,79,61987,52448,17594,17241,0.28,0.98,0.58,0.01,0.17,0.29,1355,17,34.2,24.8,0.02,0.53,3.85,5.44,0.65,13.83,0.01,0.01,0.3,0.39,0,0,0,0,0
"132","GBush327",2228,1024,608,95,60,28854,24379,8244,8093,0.29,0.98,0.59,0.01,0.16,0.29,1024,17,34.2,26.7,0.04,0.53,4.26,6.03,0.67,13.72,0.01,0.02,0.31,0.39,0,0.01,0,0,0
"133","GBush337",1017,643,380,56,39,13167,11149,3746,3696,0.28,0.99,0.59,0.02,0.22,0.33,643,17,33,26.6,0.05,0.52,3.96,5.6,0.68,12.94,0.01,0.02,0.26,0.36,0,0.01,0,0,0
"134","GBush341",2242,856,475,89,55,29011,24528,8186,8019,0.28,0.98,0.55,0.01,0.16,0.29,856,17,34.4,27.4,0.03,0.53,3.55,5.03,0.66,13.02,0.01,0.02,0.31,0.4,0,0,0,0,0
"135","GBush345",1349,811,482,82,53,17463,14781,5023,4884,0.29,0.97,0.59,0.02,0.27,0.37,811,17,33.7,26.4,0.05,0.53,4.34,6.14,0.69,13.5,0.02,0.02,0.36,0.42,0,0.01,0,0,0.01
"136","George Marshall - The Marshall Plan",1537,903,544,95,67,19898,16976,5626,5531,0.28,0.98,0.6,0.03,0.34,0.41,903,17,31.5,26.4,0.05,0.52,4.53,6.4,0.69,13.76,0.02,0.03,0.58,0.54,0,0.01,0,0.01,0.01
"137","Gerald Ford - Nixon Pardon",1111,709,420,71,52,14389,12239,4073,3986,0.28,0.98,0.59,0.03,0.47,0.48,709,17,33.3,25.5,0.05,0.52,4.18,5.91,0.69,13.22,0.02,0.04,0.69,0.59,0,0.01,0,0,0.01
"138","Gerald Ford - Oath of Office",883,668,409,72,46,11421,9750,3238,3127,0.28,0.97,0.61,0.04,0.47,0.48,668,17,33.6,26.8,0.06,0.53,4.42,6.25,0.7,13.35,0.02,0.06,0.94,0.68,0.01,0.01,0,0,0.01
"139","Geraldine Ferraro - VP Acceptance Address",1795,930,532,89,56,23222,19707,6629,6472,0.29,0.98,0.57,0.02,0.28,0.37,930,17,31.4,27.4,0.04,0.53,4.32,6.1,0.68,13.64,0.01,0.03,0.46,0.48,0,0.01,0,0,0
"140","Gilmore78",1392,718,401,68,45,18025,15174,5094,4968,0.28,0.98,0.56,0.02,0.34,0.41,718,17,32.1,24.4,0.04,0.52,3.78,5.35,0.67,12.94,0.01,0.03,0.44,0.47,0,0.01,0,0,0
"141","Gilmore99",1020,600,342,61,44,13207,11148,3756,3692,0.28,0.98,0.57,0.03,0.55,0.53,600,17,34.1,26.4,0.05,0.52,3.69,5.22,0.67,12.65,0.02,0.04,0.63,0.56,0,0.01,0,0,0
"142","Gingrich105",2751,1094,608,112,61,35646,30293,9974,9735,0.28,0.98,0.56,0.01,0.13,0.26,1094,17,32.1,26.7,0.03,0.53,4.1,5.79,0.67,13.7,0.01,0.01,0.18,0.3,0,0.01,0,0,0.01
"143","Gingrich109",3836,1321,739,137,81,49713,42143,14025,13655,0.28,0.97,0.56,0.01,0.18,0.3,1321,17,33.9,27,0.03,0.53,4.19,5.92,0.66,14,0.01,0.01,0.26,0.36,0,0,0,0,0
"144","Gingrich113",3768,1362,810,133,83,48832,41636,13811,13461,0.28,0.97,0.59,0.01,0.13,0.25,1362,17,34,26,0.03,0.53,4.36,6.16,0.67,14.14,0.01,0.01,0.25,0.35,0,0,0,0,0.01
"145","Gingrich117",2892,1177,668,134,84,37457,31947,10645,10393,0.28,0.98,0.57,0.02,0.35,0.42,1177,17,33.2,26.4,0.03,0.53,4.3,6.08,0.67,13.92,0.01,0.02,0.49,0.49,0,0.01,0,0,0.01
"146","Gingrich121",2181,1071,639,104,64,28255,24024,8032,7823,0.28,0.97,0.6,0.01,0.17,0.29,1071,17,33.6,26.5,0.04,0.53,4.51,6.37,0.68,13.94,0.01,0.02,0.26,0.36,0,0.01,0,0,0.01
"147","Gingrich126",1693,888,514,94,55,21911,18691,6189,6033,0.28,0.97,0.58,0.01,0.13,0.26,888,17,32.8,25.8,0.04,0.52,4.24,6,0.68,13.53,0.02,0.02,0.19,0.31,0,0.01,0,0.01,0.01
"148","Gingrich132",1606,890,515,77,50,20795,17687,5880,5734,0.28,0.98,0.58,0.02,0.23,0.34,890,17,33.1,25.4,0.04,0.52,4.36,6.17,0.68,13.62,0.01,0.02,0.27,0.37,0,0.01,0,0,0
"149","Gingrich139",2681,1132,638,117,80,34717,29612,9912,9674,0.29,0.98,0.56,0.02,0.37,0.43,1132,17,33.7,27.2,0.03,0.53,4.3,6.08,0.67,13.87,0.01,0.02,0.56,0.53,0,0,0,0,0.01
"150","Gingrich146",2616,1136,652,101,67,33860,28827,9565,9349,0.28,0.98,0.57,0.01,0.09,0.21,1136,17,33.7,26.6,0.03,0.53,4.37,6.17,0.67,13.92,0.01,0.01,0.11,0.23,0,0,0,0,0.01
"151","Gingrich153",1557,807,446,82,54,20177,17130,5691,5566,0.28,0.98,0.55,0.01,0.14,0.27,807,17,34.7,26.9,0.04,0.53,4.02,5.68,0.68,13.26,0.01,0.02,0.21,0.32,0,0.01,0,0,0.01
"152","Gingrich161",1496,793,458,89,52,19358,16548,5364,5221,0.28,0.97,0.58,0.02,0.16,0.28,793,17,32,26.3,0.04,0.53,4.03,5.7,0.68,13.24,0.02,0.02,0.23,0.34,0,0.01,0,0.01,0.01
"153","Gingrich169",1413,807,451,82,48,18300,15528,5185,5051,0.28,0.97,0.56,0.02,0.16,0.28,807,17,33.1,26,0.04,0.52,4.22,5.97,0.68,13.4,0.02,0.02,0.23,0.34,0,0.01,0,0.01,0.01
"154","Gingrich177",1516,785,443,83,58,19635,16704,5511,5368,0.28,0.97,0.56,0.02,0.19,0.31,785,17,33.3,26.6,0.04,0.52,3.96,5.6,0.67,13.18,0.02,0.02,0.26,0.36,0,0.01,0,0,0.01
"155","Gingrich184",1211,748,450,71,47,15692,13320,4419,4313,0.28,0.98,0.6,0.02,0.23,0.34,748,17,33.6,26.6,0.05,0.53,4.22,5.97,0.68,13.32,0.02,0.02,0.27,0.37,0,0.01,0,0.01,0.01
"156","Gingrich192",952,692,414,71,48,12331,10528,3473,3401,0.28,0.98,0.6,0.03,0.35,0.42,692,17,31.9,25.1,0.06,0.53,4.41,6.23,0.69,13.38,0.02,0.04,0.62,0.55,0,0.01,0,0,0.01
"157","Gingrich201",1229,698,388,71,47,15917,13456,4450,4334,0.28,0.97,0.56,0.02,0.23,0.34,698,17,32.8,27.4,0.04,0.52,3.91,5.53,0.68,13,0.02,0.03,0.37,0.43,0,0.01,0,0,0.01
"158","Gingrich209",1091,694,400,65,43,14127,11960,4051,3960,0.29,0.98,0.58,0.03,0.37,0.43,694,17,31.5,26,0.05,0.53,4.13,5.84,0.68,13.16,0.02,0.03,0.55,0.52,0,0.01,0,0,0
"159","Gingrich217",1532,842,484,80,51,19850,16918,5617,5475,0.28,0.97,0.57,0.02,0.27,0.37,842,17,33.3,26.4,0.04,0.52,4.23,5.98,0.68,13.46,0.01,0.02,0.31,0.39,0,0.01,0,0,0.01
"160","Gingrich225",1751,840,483,95,64,22681,19252,6350,6164,0.28,0.97,0.57,0.02,0.22,0.33,840,17,32.4,26.7,0.04,0.53,3.94,5.58,0.67,13.25,0.01,0.02,0.25,0.36,0,0.01,0,0.01,0.01
"161","Giuliani265",2134,850,462,82,49,27635,23368,7654,7453,0.28,0.97,0.54,0.01,0.21,0.32,850,17,33.4,26.1,0.03,0.53,3.62,5.11,0.66,13.05,0.01,0.02,0.27,0.37,0,0.01,0,0,0
"162","Giuliani270",1878,922,547,78,53,24336,20496,6864,6699,0.28,0.98,0.59,0.01,0.17,0.29,922,17,32.8,27.2,0.04,0.53,4.18,5.91,0.68,13.53,0.01,0.02,0.23,0.34,0,0.01,0,0,0
"163","Giuliani276",1801,804,440,74,48,23300,19863,6557,6445,0.28,0.98,0.55,0.01,0.13,0.25,804,17,33.3,26.6,0.03,0.53,3.72,5.27,0.67,13.05,0.01,0.02,0.18,0.3,0,0.01,0,0,0
"164","Giuliani284",3154,1164,684,115,73,40839,34854,11588,11256,0.28,0.97,0.59,0.01,0.15,0.27,1164,17,33.4,26.9,0.03,0.53,4.07,5.76,0.66,13.76,0.01,0.01,0.22,0.33,0,0,0,0,0
"165","Giuliani292",1617,764,414,70,47,20944,17849,5964,5848,0.28,0.98,0.54,0.02,0.17,0.29,764,17,34.1,27.4,0.04,0.52,3.73,5.28,0.67,12.98,0.01,0.02,0.24,0.35,0,0.01,0,0,0
"166","Giuliani305",1831,771,413,80,48,23702,20105,6700,6519,0.28,0.97,0.54,0.01,0.11,0.24,771,17,33.3,27,0.03,0.52,3.54,5.01,0.66,12.86,0.01,0.01,0.19,0.31,0,0.01,0,0,0
"167","Gore310",2599,1239,749,118,77,33678,28533,9571,9365,0.28,0.98,0.6,0.02,0.36,0.43,1239,17,33.8,25.9,0.04,0.53,4.77,6.75,0.68,14.29,0.01,0.02,0.44,0.47,0,0.01,0,0,0.01
"168","Gore311",757,600,366,59,41,9798,8369,2789,2701,0.28,0.97,0.61,0.04,0.44,0.47,600,17,33,27.7,0.06,0.52,4.29,6.06,0.7,13.13,0.02,0.05,0.69,0.59,0.01,0.01,0,0,0.01
"169","Gore312",1490,771,440,77,47,19300,16301,5518,5339,0.29,0.97,0.57,0.02,0.22,0.33,771,17,32.4,25.5,0.04,0.52,3.92,5.55,0.67,13.13,0.01,0.02,0.3,0.39,0,0.01,0,0,0
"170","Gore314",1817,1011,611,88,58,23553,19936,6620,6480,0.28,0.98,0.6,0.02,0.26,0.36,1011,17,34.1,26.6,0.04,0.53,4.66,6.59,0.69,13.98,0.01,0.02,0.34,0.41,0,0.01,0,0,0.01
"171","Gore316",1036,679,410,70,49,13407,11301,3811,3691,0.28,0.97,0.6,0.03,0.39,0.44,679,17,33.2,25.7,0.05,0.52,4.15,5.86,0.69,13.15,0.02,0.03,0.45,0.47,0,0.01,0,0,0.01
"172","Graham100",1111,628,363,54,38,14373,12154,4007,3908,0.28,0.98,0.58,0.02,0.16,0.29,628,17,34.7,26.9,0.04,0.53,3.7,5.24,0.67,12.71,0.01,0.02,0.24,0.34,0,0.01,0,0,0
"173","Graham83",3278,992,562,90,55,42409,35911,11744,11475,0.28,0.98,0.57,0.01,0.12,0.24,992,17,35.2,26.1,0.02,0.53,3.41,4.82,0.65,13.13,0.01,0.01,0.22,0.33,0,0,0,0,0
"174","Graham91",1779,851,466,72,46,23029,19554,6569,6432,0.29,0.98,0.55,0.02,0.2,0.32,851,17,32.2,25.9,0.04,0.53,3.97,5.61,0.67,13.29,0.01,0.02,0.27,0.37,0,0.01,0,0,0
"175","Graham95",3108,1073,582,105,61,40227,34042,11330,11092,0.28,0.98,0.54,0.01,0.19,0.31,1073,17,32.7,27,0.03,0.53,3.78,5.35,0.66,13.47,0.01,0.01,0.31,0.4,0,0,0,0,0
"176","Gravel250",850,625,404,53,36,10998,9369,3062,2999,0.28,0.98,0.65,0.03,0.26,0.36,625,17,33.7,26.2,0.06,0.53,4.21,5.96,0.69,13.11,0.02,0.03,0.32,0.4,0,0.01,0,0,0
"177","Gravel257",798,518,316,60,47,10317,8768,2883,2823,0.28,0.98,0.61,0.04,0.62,0.56,518,17,32.3,25.9,0.05,0.53,3.61,5.1,0.68,12.4,0.02,0.04,0.79,0.63,0.01,0.01,0,0,0
"178","Harry Truman - Truman Doctrine",2257,1037,646,102,68,29212,25004,8349,8181,0.29,0.98,0.62,0.02,0.42,0.46,1037,17,33.8,27.1,0.04,0.52,4.29,6.07,0.68,13.75,0.01,0.03,0.68,0.58,0,0.01,0,0,0
"179","Hatch329",2386,920,523,93,61,30881,26237,8644,8467,0.28,0.98,0.57,0.01,0.24,0.34,920,17,32.7,27.1,0.03,0.52,3.7,5.24,0.66,13.21,0.01,0.02,0.33,0.41,0,0.01,0,0,0
"180","Hatch334",2101,974,551,81,52,27199,23005,7672,7493,0.28,0.98,0.57,0.01,0.11,0.23,974,17,30.3,27.6,0.04,0.52,4.18,5.91,0.67,13.6,0.01,0.01,0.18,0.3,0,0.01,0,0,0
"181","Hatch339",1231,722,410,69,48,15936,13486,4430,4372,0.28,0.99,0.57,0.02,0.33,0.41,722,17,32.1,26.9,0.05,0.53,4.04,5.72,0.68,13.14,0.02,0.03,0.43,0.46,0,0.01,0,0,0
"182","Hatch342",2207,907,513,77,54,28554,24243,7865,7734,0.28,0.98,0.57,0.02,0.25,0.36,907,17,33.1,25.5,0.03,0.52,3.8,5.37,0.66,13.25,0.01,0.02,0.4,0.44,0,0,0,0,0
"183","Hatch347",2333,927,498,88,52,30215,25418,8420,8212,0.28,0.98,0.54,0.01,0.13,0.26,927,17,32.8,27,0.03,0.53,3.77,5.33,0.66,13.27,0.01,0.01,0.18,0.3,0,0.01,0,0,0
"184","Hatch351",1474,771,439,83,57,19091,16184,5402,5295,0.28,0.98,0.57,0.02,0.28,0.37,771,17,34.2,26.5,0.04,0.53,3.95,5.58,0.67,13.15,0.02,0.02,0.37,0.43,0,0.01,0,0,0.01
"185","Hillary Clinton - Womens Rights Human Rights",2441,1103,661,109,73,31608,26934,9216,9035,0.29,0.98,0.6,0.02,0.32,0.4,1103,17,31.8,26.6,0.03,0.53,4.39,6.2,0.68,13.9,0.01,0.03,0.66,0.58,0,0.01,0,0,0
"186","Hubert Humphrey - 1948 DNC",1334,697,410,78,53,17278,14682,4885,4791,0.28,0.98,0.59,0.04,0.5,0.5,697,17,31.7,26.9,0.04,0.52,3.75,5.3,0.67,12.88,0.02,0.05,0.92,0.68,0,0.01,0,0.01,0.01
"187","Huckabee261",2673,1071,603,90,54,34639,29286,9732,9496,0.28,0.98,0.56,0.01,0.13,0.26,1071,17,32.2,26.5,0.03,0.53,4.07,5.75,0.67,13.65,0.01,0.01,0.26,0.36,0,0,0,0,0
"188","Huckabee266",2407,991,574,80,53,31188,26435,8689,8558,0.28,0.98,0.58,0.01,0.13,0.26,991,17,33,25.6,0.03,0.52,3.97,5.61,0.67,13.48,0.01,0.01,0.18,0.3,0,0.01,0,0,0
"189","Huckabee271",2273,951,540,88,59,29468,24872,8336,8129,0.28,0.98,0.57,0.01,0.16,0.29,951,17,32.2,26.1,0.03,0.53,3.92,5.54,0.67,13.4,0.01,0.01,0.19,0.31,0,0.01,0,0,0
"190","Huckabee277",1900,831,464,79,48,24592,20855,6835,6683,0.28,0.98,0.56,0.01,0.12,0.25,831,17,34.9,26.9,0.03,0.53,3.75,5.3,0.66,13.1,0.01,0.01,0.17,0.29,0,0.01,0,0,0
"191","Huckabee285",1705,817,447,87,50,22089,18735,6228,6063,0.28,0.97,0.55,0.02,0.26,0.36,817,17,34.7,27.3,0.04,0.53,3.89,5.5,0.67,13.18,0.01,0.02,0.39,0.44,0,0.01,0,0,0.01
"192","Huckabee293",1008,679,396,57,37,13055,11028,3660,3583,0.28,0.98,0.58,0.02,0.23,0.34,679,17,31.7,26.2,0.05,0.53,4.2,5.94,0.69,13.19,0.02,0.02,0.23,0.34,0,0.01,0,0,0
"193","Huckabee308",1321,695,400,76,47,17109,14539,4901,4764,0.29,0.97,0.58,0.02,0.17,0.3,695,17,33.6,27,0.04,0.53,3.76,5.31,0.67,12.88,0.02,0.02,0.21,0.32,0,0.01,0,0,0.01
"194","Huckabee58",1464,722,422,58,40,18951,16050,5305,5176,0.28,0.98,0.58,0.02,0.15,0.27,722,17,34.6,27.2,0.04,0.53,3.71,5.24,0.67,12.89,0.01,0.02,0.15,0.27,0,0.01,0,0,0
"195","Huckabee65",1755,837,489,80,50,22734,19289,6340,6183,0.28,0.98,0.58,0.02,0.2,0.31,837,17,32.7,26.8,0.04,0.53,3.93,5.55,0.67,13.24,0.01,0.02,0.27,0.36,0,0.01,0,0,0.01
"196","Huckabee73",1217,774,489,71,49,15767,13410,4426,4340,0.28,0.98,0.63,0.03,0.39,0.44,774,17,33,25.9,0.05,0.53,4.36,6.16,0.69,13.46,0.02,0.03,0.44,0.47,0,0.01,0,0,0
"197","Huckabee79",1664,853,516,79,53,21542,18271,6017,5878,0.28,0.98,0.6,0.02,0.22,0.33,853,17,32.4,25.8,0.04,0.53,4.11,5.81,0.68,13.39,0.01,0.02,0.38,0.44,0,0.01,0,0,0
"198","Huckabee81",2340,1088,668,81,52,30327,25725,8459,8284,0.28,0.98,0.61,0.01,0.13,0.26,1088,17,32.5,27.2,0.04,0.53,4.42,6.25,0.68,13.9,0.01,0.01,0.24,0.34,0,0,0,0,0
"199","Huckabee88",1981,808,447,76,46,25657,21713,7195,7013,0.28,0.97,0.55,0.01,0.16,0.29,808,17,34.5,26,0.03,0.53,3.57,5.04,0.66,12.95,0.01,0.01,0.19,0.31,0,0.01,0,0,0
"200","Huckaebee84",3228,1080,620,85,55,41826,35328,11564,11352,0.28,0.98,0.57,0.01,0.1,0.22,1080,17,33.4,25.8,0.03,0.53,3.73,5.28,0.66,13.45,0.01,0.01,0.12,0.24,0,0,0,0,0
"201","Huey P. Long - Every Man A King",3984,1139,700,91,59,51633,43605,14354,14043,0.28,0.98,0.61,0.01,0.11,0.23,1139,17,31.7,26.4,0.02,0.53,3.54,5.01,0.65,13.41,0.01,0.01,0.16,0.28,0,0,0,0,0
"202","Huey P. Long - Share Our Wealth",7030,1905,1212,128,86,91087,77078,25601,25149,0.28,0.98,0.64,0.01,0.16,0.28,1905,17,33.9,26.5,0.02,0.53,4.46,6.31,0.66,14.64,0,0.01,0.23,0.34,0,0,0,0,0
"203","Hunter278",1315,767,453,64,42,17019,14557,4868,4774,0.29,0.98,0.59,0.02,0.19,0.31,767,17,33.2,25.6,0.05,0.53,4.16,5.88,0.68,13.3,0.01,0.02,0.32,0.4,0,0.01,0,0,0
"204","Hunter286",710,521,313,59,41,9193,7789,2622,2560,0.29,0.98,0.6,0.04,0.43,0.46,521,17,33,25.8,0.06,0.52,3.84,5.43,0.69,12.6,0.02,0.05,0.6,0.55,0,0.01,0,0,0.01
"205","Hunter294",290,361,233,35,31,3746,3200,1083,1069,0.29,0.99,0.65,0.09,1.03,0.72,361,17,33.5,25.1,0.1,0.52,4.17,5.9,0.72,12.57,0.03,0.09,1.03,0.72,0.01,0.02,0,0,0
"206","Hunter301",873,592,351,63,43,11287,9632,3173,3095,0.28,0.98,0.59,0.03,0.26,0.36,592,17,32.9,26.4,0.05,0.53,3.94,5.57,0.68,12.83,0.02,0.03,0.44,0.47,0,0.01,0,0,0.01
"207","Huntsman127",1216,695,405,58,40,15737,13306,4448,4345,0.28,0.98,0.58,0.02,0.3,0.39,695,17,31.2,27.6,0.04,0.52,3.92,5.54,0.68,13,0.01,0.02,0.34,0.42,0,0.01,0,0,0
"208","Huntsman133",1859,803,438,80,50,24054,20349,6736,6578,0.28,0.98,0.55,0.01,0.17,0.3,803,17,31.5,26.5,0.03,0.53,3.66,5.18,0.66,13,0.01,0.02,0.24,0.35,0,0.01,0,0,0
"209","Huntsman140",1967,915,497,96,57,25468,21572,7314,7121,0.29,0.97,0.54,0.02,0.21,0.32,915,17,32.7,24.3,0.04,0.52,4.05,5.73,0.67,13.44,0.01,0.02,0.39,0.44,0,0.01,0,0,0
"210","Huntsman154",1841,832,461,81,51,23817,20220,6737,6530,0.28,0.97,0.55,0.01,0.17,0.29,832,17,34.4,26.1,0.03,0.53,3.81,5.39,0.67,13.15,0.01,0.02,0.27,0.37,0,0.01,0,0,0
"211","Huntsman162",1043,629,353,67,47,13472,11480,3779,3678,0.28,0.97,0.56,0.03,0.28,0.38,629,17,33.7,25.6,0.05,0.52,3.83,5.42,0.68,12.81,0.02,0.03,0.39,0.44,0,0.01,0,0,0.01
"212","Huntsman170",1774,834,472,81,52,22972,19566,6456,6305,0.28,0.98,0.57,0.02,0.19,0.31,834,17,34.2,26,0.04,0.53,3.89,5.5,0.67,13.21,0.01,0.02,0.26,0.36,0,0.01,0,0,0.01
"213","Huntsman185",828,556,337,55,37,10712,9075,2984,2910,0.28,0.98,0.61,0.03,0.31,0.4,556,17,33.8,25.2,0.05,0.52,3.8,5.37,0.68,12.64,0.02,0.03,0.38,0.43,0,0.01,0,0,0.01
"214","Huntsman193",1395,812,460,75,45,18066,15301,5191,5055,0.29,0.97,0.57,0.02,0.2,0.32,812,17,31.4,27.5,0.04,0.52,4.27,6.04,0.68,13.45,0.01,0.02,0.2,0.32,0,0.01,0,0,0.01
"215","Huntsman202",1471,759,441,69,44,19054,16210,5375,5260,0.28,0.98,0.58,0.02,0.27,0.37,759,17,32.9,26.7,0.04,0.52,3.89,5.5,0.67,13.09,0.01,0.02,0.4,0.45,0,0.01,0,0,0
"216","Huntsman210",1711,836,484,74,47,22157,18755,6224,6086,0.28,0.98,0.58,0.02,0.24,0.35,836,17,31.7,26.3,0.04,0.53,3.97,5.62,0.67,13.27,0.01,0.02,0.4,0.45,0,0.01,0,0,0
"217","Huntsman218",1640,732,396,73,44,21217,18004,5976,5779,0.28,0.97,0.54,0.02,0.23,0.34,732,17,34,26.3,0.03,0.53,3.55,5.03,0.66,12.8,0.01,0.02,0.35,0.42,0,0.01,0,0,0
"218","Jesse Jackson - 1984 DNC",5061,1829,1176,156,106,65421,56241,18633,18174,0.28,0.98,0.64,0.01,0.35,0.42,1829,17,33.3,26.7,0.03,0.53,5.06,7.15,0.68,14.93,0.01,0.02,0.49,0.5,0,0,0,0,0
"219","Jimmy Carter - Crisis of Confidence",3734,1415,825,103,62,48320,41148,13822,13516,0.29,0.98,0.58,0.01,0.17,0.29,1415,17,33,26.5,0.03,0.53,4.55,6.44,0.67,14.31,0.01,0.02,0.36,0.43,0,0,0,0,0
"220","Jindal101",1324,765,446,71,45,17124,14656,4895,4791,0.29,0.98,0.58,0.02,0.17,0.29,765,17,33.5,26.1,0.04,0.53,4.13,5.85,0.68,13.28,0.01,0.02,0.32,0.4,0,0.01,0,0,0
"221","Jindal89",2563,919,518,92,59,33170,28204,9579,9257,0.29,0.97,0.56,0.01,0.21,0.33,919,17,34.2,27.1,0.03,0.53,3.57,5.05,0.66,13.12,0.01,0.02,0.33,0.41,0,0.01,0,0,0
"222","Jindal92",2346,909,512,92,56,30352,25892,8745,8517,0.29,0.97,0.56,0.01,0.16,0.28,909,17,33.5,26.8,0.03,0.53,3.69,5.22,0.66,13.19,0.01,0.02,0.31,0.39,0,0.01,0,0,0
"223","Jindal96",3058,1103,656,106,64,39577,33831,11374,11013,0.29,0.97,0.59,0.01,0.15,0.28,1103,17,32.3,27,0.03,0.53,3.92,5.54,0.66,13.59,0.01,0.01,0.27,0.37,0,0,0,0,0
"224","John F. Kennedy - American University Commencement",3554,1413,859,115,73,46028,39279,13244,12917,0.29,0.98,0.61,0.01,0.14,0.26,1413,17,33.6,26.3,0.03,0.53,4.66,6.59,0.68,14.37,0.01,0.01,0.23,0.34,0,0,0,0,0
"225","John F. Kennedy - Civil Rights Address",2061,961,553,89,55,26695,22580,7625,7433,0.29,0.97,0.58,0.02,0.18,0.3,961,17,31.4,26.8,0.04,0.52,4.16,5.88,0.67,13.57,0.01,0.02,0.32,0.4,0,0.01,0,0,0
"226","John F. Kennedy - Cuban Missile Crisis",2393,1175,727,106,68,31001,26473,8935,8715,0.29,0.98,0.62,0.02,0.22,0.33,1175,17,33,25.7,0.04,0.52,4.72,6.67,0.68,14.19,0.01,0.02,0.29,0.38,0,0.01,0,0,0
"227","John F. Kennedy - Houston Ministerial Association Address",1502,851,533,88,59,19465,16514,5602,5407,0.29,0.97,0.63,0.03,0.39,0.44,851,17,31.8,25.6,0.04,0.52,4.31,6.1,0.68,13.53,0.02,0.03,0.7,0.59,0,0.01,0,0,0.01
"228","John F. Kennedy - Ich bin ein Berliner",710,528,339,52,37,9184,7785,2539,2496,0.28,0.98,0.64,0.05,0.59,0.54,528,17,31.1,24.6,0.06,0.52,3.9,5.51,0.69,12.66,0.02,0.06,0.81,0.64,0.01,0.01,0,0,0.01
"229","John F. Kennedy - Inaugural Address",1456,845,510,82,50,18858,16098,5398,5248,0.29,0.97,0.6,0.03,0.37,0.43,845,17,34.2,26.5,0.04,0.52,4.35,6.15,0.68,13.55,0.02,0.04,0.83,0.64,0,0.01,0,0,0
"230","John Kerry - On Vietnam Fulbright Commission",3002,1224,744,109,68,38888,32941,10892,10679,0.28,0.98,0.61,0.02,0.29,0.38,1224,17,32.7,26.1,0.03,0.53,4.39,6.21,0.67,14.03,0.01,0.02,0.54,0.52,0,0,0,0,0
"231","John Lewis - Labor and the Nation",2447,1323,895,101,69,31703,27386,9248,9109,0.29,0.98,0.68,0.02,0.34,0.41,1323,17,32.6,26.8,0.04,0.53,5.25,7.43,0.69,14.69,0.01,0.02,0.43,0.46,0,0.01,0,0,0
"232","Johnson194",554,489,313,52,36,7171,6057,2092,2030,0.29,0.97,0.64,0.05,0.61,0.55,489,17,31.3,26.1,0.07,0.51,4.08,5.77,0.7,12.75,0.02,0.05,0.61,0.55,0.01,0.02,0,0,0.01
"233","Kaine4",7375,1825,1126,147,90,95545,81764,27242,26642,0.29,0.98,0.62,0.01,0.23,0.34,1825,17,34.4,24.9,0.02,0.53,4.17,5.9,0.65,14.43,0.01,0.01,0.41,0.45,0,0,0,0,0
"234","Kasich16",3744,1198,666,110,66,48497,40960,13457,13200,0.28,0.98,0.56,0.01,0.13,0.25,1198,17,33.4,26.6,0.02,0.53,3.85,5.44,0.66,13.66,0.01,0.01,0.22,0.33,0,0,0,0,0
"235","Kasich19",2889,1036,573,102,61,37399,31617,10325,10067,0.28,0.98,0.55,0.01,0.15,0.27,1036,17,35,25.8,0.03,0.53,3.79,5.36,0.66,13.43,0.01,0.01,0.21,0.33,0,0,0,0,0
"236","Kasich22",3473,1152,644,101,61,44963,38137,12420,12133,0.28,0.98,0.56,0.01,0.06,0.17,1152,17,32.8,27,0.03,0.53,3.84,5.43,0.66,13.6,0.01,0.01,0.12,0.24,0,0,0,0,0
"237","Kasich26",2076,929,534,83,58,26890,22753,7535,7360,0.28,0.98,0.57,0.01,0.1,0.23,929,17,32.8,26.5,0.03,0.52,4.01,5.67,0.67,13.42,0.01,0.01,0.15,0.27,0,0.01,0,0,0
"238","Kasich31",2014,807,450,82,49,26086,22067,7301,7139,0.28,0.98,0.56,0.01,0.22,0.34,807,17,31,26.1,0.03,0.53,3.53,5,0.66,12.92,0.01,0.02,0.36,0.42,0,0.01,0,0,0
"239","Kasich36",1909,798,437,77,46,24708,20787,6789,6640,0.27,0.98,0.55,0.01,0.14,0.26,798,17,35,26,0.03,0.52,3.59,5.08,0.66,12.94,0.01,0.01,0.16,0.29,0,0.01,0,0,0
"240","Kasich42",2351,940,512,86,57,30464,25675,8494,8309,0.28,0.98,0.54,0.01,0.19,0.3,940,17,34.2,26.1,0.03,0.53,3.81,5.39,0.66,13.31,0.01,0.02,0.34,0.41,0,0.01,0,0,0
"241","Kasich47",1625,791,462,70,48,21032,17810,5822,5690,0.28,0.98,0.58,0.01,0.15,0.27,791,17,32.3,26.9,0.04,0.53,3.86,5.45,0.67,13.12,0.01,0.01,0.18,0.3,0,0.01,0,0,0
"242","Kasich52",2182,888,480,76,49,28244,23872,7786,7644,0.28,0.98,0.54,0.01,0.15,0.27,888,17,32.9,26.2,0.03,0.53,3.74,5.28,0.66,13.19,0.01,0.01,0.2,0.32,0,0,0,0,0
"243","Kasich59",1884,810,442,72,46,24396,20662,6859,6692,0.28,0.98,0.55,0.01,0.14,0.26,810,17,33.9,25.8,0.03,0.53,3.67,5.19,0.66,13.02,0.01,0.01,0.16,0.28,0,0.01,0,0,0
"244","Kasich66",2097,917,529,77,51,27154,22982,7496,7338,0.28,0.98,0.58,0.02,0.26,0.36,917,17,33.2,26.5,0.03,0.53,3.93,5.56,0.67,13.36,0.01,0.02,0.33,0.41,0,0.01,0,0,0
"245","Kasich74",1312,689,397,65,46,16975,14440,4725,4660,0.28,0.99,0.58,0.02,0.21,0.32,689,17,32.5,26.8,0.04,0.53,3.74,5.29,0.67,12.86,0.01,0.02,0.29,0.38,0,0.01,0,0,0
"246","Kucinich251",1037,652,377,68,44,13425,11328,3823,3737,0.28,0.98,0.58,0.03,0.48,0.49,652,17,32.7,25.6,0.05,0.52,3.98,5.63,0.68,12.97,0.02,0.04,0.61,0.55,0,0.01,0,0,0
"247","Kucinich258",1358,738,427,71,42,17587,14826,4985,4842,0.28,0.97,0.58,0.02,0.26,0.36,738,17,33.4,26.1,0.04,0.52,3.94,5.56,0.68,13.09,0.01,0.02,0.39,0.44,0,0.01,0,0,0
"248","Lyndon Baines Johnson - Let Us Continue",1703,888,552,87,60,22046,18716,6316,6145,0.29,0.97,0.62,0.03,0.56,0.53,888,17,33.1,25.3,0.04,0.52,4.23,5.98,0.68,13.52,0.01,0.04,0.77,0.62,0,0.01,0,0,0
"249","Lyndon Baines Johnson - The Great Society",1911,916,530,81,54,24726,21016,7030,6869,0.28,0.98,0.58,0.02,0.41,0.45,916,17,30,26.2,0.04,0.53,4.12,5.83,0.67,13.48,0.01,0.03,0.57,0.53,0,0.01,0,0,0
"250","Lyndon Baines Johnson - We Shall Overcome",3922,1377,833,114,66,50746,42940,14391,13977,0.28,0.97,0.6,0.01,0.17,0.29,1377,17,34,26.4,0.03,0.52,4.32,6.11,0.67,14.13,0.01,0.02,0.38,0.44,0,0,0,0,0
"251","Mary Fisher - A Whisper of AIDS",1555,812,479,85,58,20098,17266,5718,5533,0.28,0.97,0.59,0.02,0.19,0.31,812,17,32.6,26.7,0.04,0.53,4.05,5.73,0.68,13.29,0.01,0.02,0.35,0.42,0,0.01,0,0,0.01
"252","Mccain262",3670,1247,744,104,63,47551,40365,13307,13022,0.28,0.98,0.6,0.01,0.16,0.28,1247,17,32.7,26.2,0.03,0.53,4.04,5.72,0.66,13.83,0.01,0.01,0.23,0.34,0,0,0,0,0
"253","Mccain267",2618,1071,597,108,65,33920,28856,9535,9303,0.28,0.98,0.56,0.02,0.29,0.38,1071,17,31.1,26.6,0.03,0.52,4.11,5.82,0.67,13.68,0.01,0.02,0.43,0.46,0,0.01,0,0,0
"254","Mccain272",1865,888,511,83,53,24156,20506,6807,6680,0.28,0.98,0.58,0.02,0.23,0.34,888,17,31.1,26.5,0.04,0.53,4.04,5.71,0.67,13.39,0.01,0.02,0.34,0.41,0,0.01,0,0,0
"255","Mccain279",1150,629,338,67,45,14866,12661,4263,4178,0.29,0.98,0.54,0.03,0.35,0.42,629,17,32.1,26.3,0.04,0.52,3.65,5.16,0.67,12.67,0.02,0.03,0.46,0.48,0,0.01,0,0,0
"256","Mccain287",1721,864,506,81,50,22293,18997,6328,6174,0.28,0.98,0.59,0.02,0.24,0.34,864,17,32.2,26.9,0.04,0.52,4.09,5.79,0.68,13.39,0.01,0.02,0.39,0.44,0,0.01,0,0,0
"257","Mccain295",1040,636,363,60,47,13460,11385,3842,3766,0.29,0.98,0.57,0.02,0.26,0.36,636,17,31.9,26.8,0.05,0.52,3.88,5.48,0.68,12.86,0.02,0.02,0.26,0.36,0,0.01,0,0,0
"258","Mccain303",1253,690,395,76,49,16212,13828,4556,4433,0.28,0.97,0.57,0.02,0.32,0.4,690,17,32,25.7,0.04,0.52,3.83,5.42,0.67,12.93,0.02,0.03,0.54,0.52,0,0.01,0,0,0.01
"259","Mccain319",2292,1012,581,93,54,29685,25320,8273,8064,0.28,0.97,0.57,0.02,0.32,0.4,1012,17,33.9,26.6,0.03,0.53,4.15,5.87,0.67,13.63,0.01,0.02,0.53,0.52,0,0.01,0,0,0
"260","Mccain321",5206,1545,895,132,73,67461,57401,19045,18601,0.28,0.98,0.58,0.01,0.22,0.33,1545,17,34,27,0.02,0.53,4.21,5.95,0.66,14.22,0.01,0.01,0.35,0.42,0,0,0,0,0
"261","Mccain325",6108,1719,1039,139,79,79151,67100,22259,21762,0.28,0.98,0.6,0.01,0.21,0.32,1719,17,33.1,27,0.02,0.53,4.32,6.11,0.66,14.43,0.01,0.01,0.37,0.43,0,0,0,0,0
"262","Mccain330",4626,1427,828,125,80,59905,50824,16752,16445,0.28,0.98,0.58,0.01,0.28,0.38,1427,17,34,26.1,0.02,0.52,4.12,5.83,0.66,14.06,0.01,0.01,0.39,0.44,0,0,0,0,0
"263","Mccain335",2107,1038,605,80,49,27308,23169,7699,7535,0.28,0.98,0.58,0.02,0.2,0.32,1038,17,30.9,25.8,0.04,0.52,4.44,6.28,0.68,13.86,0.01,0.02,0.38,0.44,0,0.01,0,0,0
"264","Mccain340",1429,771,416,76,43,18501,15737,5171,5049,0.28,0.98,0.54,0.02,0.31,0.4,771,17,31.3,27,0.04,0.53,4.01,5.67,0.68,13.19,0.01,0.03,0.54,0.52,0,0.01,0,0,0.01
"265","Mccain343",2559,1042,572,90,53,33141,28082,9202,9000,0.28,0.98,0.55,0.01,0.22,0.33,1042,17,33,26.9,0.03,0.53,4.05,5.72,0.67,13.6,0.01,0.02,0.43,0.47,0,0.01,0,0,0
"266","Mccain348",1924,958,548,82,52,24923,21139,7008,6828,0.28,0.97,0.57,0.01,0.13,0.25,958,17,31.2,26.1,0.04,0.52,4.29,6.07,0.68,13.66,0.01,0.02,0.21,0.33,0,0.01,0,0,0.01
"267","Mccain352",1455,736,404,63,41,18843,15992,5317,5220,0.28,0.98,0.55,0.02,0.17,0.29,736,17,33.8,26.9,0.04,0.53,3.79,5.36,0.67,12.98,0.01,0.02,0.24,0.35,0,0.01,0,0,0
"268","McCarthy-Welch Exchange",1700,724,418,69,42,21966,18719,6073,5914,0.28,0.97,0.58,0.01,0.13,0.25,724,17,34,26.3,0.03,0.52,3.45,4.88,0.66,12.72,0.01,0.02,0.25,0.35,0,0.01,0,0,0
"269","Newton Minow - Television and the Public Interest",5498,1772,1088,152,90,71170,60518,20145,19611,0.28,0.97,0.61,0.01,0.18,0.3,1772,17,35.4,25.5,0.02,0.53,4.7,6.64,0.67,14.68,0.01,0.01,0.35,0.42,0,0,0,0,0
"270","Obama231",5659,1570,925,140,91,73372,62088,20530,20051,0.28,0.98,0.59,0.01,0.11,0.24,1570,17,32.6,25.8,0.02,0.53,4.1,5.8,0.66,14.18,0.01,0.01,0.17,0.29,0,0,0,0,0
"271","Obama233",5764,1547,917,129,78,74688,63250,20984,20515,0.28,0.98,0.59,0.01,0.07,0.19,1547,17,34.8,26.2,0.02,0.53,4,5.66,0.65,14.1,0.01,0.01,0.15,0.28,0,0,0,0,0
"272","Obama236",5779,1570,908,139,82,74916,63366,21164,20507,0.28,0.97,0.58,0.01,0.1,0.23,1570,17,34.7,26.7,0.02,0.53,4.06,5.74,0.66,14.15,0.01,0.01,0.17,0.29,0,0,0,0,0
"273","Obama239",4627,1418,821,131,83,59973,50622,16846,16469,0.28,0.98,0.58,0.01,0.19,0.31,1418,17,33.6,28.4,0.02,0.53,4.09,5.79,0.66,14.04,0.01,0.01,0.31,0.4,0,0,0,0,0
"274","Obama244",884,643,383,61,42,11450,9726,3272,3201,0.29,0.98,0.6,0.02,0.24,0.35,643,17,31,26.8,0.06,0.53,4.25,6.01,0.69,13.17,0.02,0.03,0.29,0.38,0,0.01,0,0,0.01
"275","Obama252",2402,1108,665,101,65,31143,26403,8773,8547,0.28,0.97,0.6,0.01,0.2,0.32,1108,17,33.3,26.5,0.04,0.53,4.44,6.28,0.68,13.94,0.01,0.02,0.29,0.38,0,0.01,0,0,0
"276","Obama259",2395,952,542,92,60,31029,26210,8716,8510,0.28,0.98,0.57,0.01,0.1,0.23,952,17,33.5,26,0.03,0.53,3.82,5.4,0.66,13.33,0.01,0.01,0.19,0.31,0,0,0,0,0.01
"277","Omalley10",484,453,278,47,36,6267,5296,1778,1735,0.28,0.98,0.61,0.05,0.54,0.52,453,17,31.9,27.2,0.07,0.52,4.05,5.72,0.7,12.64,0.03,0.06,0.66,0.57,0.01,0.02,0,0,0
"278","Pataki102",1284,689,385,63,44,16617,14091,4748,4619,0.29,0.97,0.56,0.02,0.31,0.4,689,17,33.8,25.7,0.04,0.52,3.78,5.34,0.67,12.89,0.01,0.03,0.41,0.45,0,0.01,0,0,0
"279","Pataki85",2979,1070,623,108,71,38583,32792,10867,10604,0.28,0.98,0.58,0.01,0.28,0.37,1070,17,36.3,25.6,0.03,0.53,3.85,5.45,0.66,13.51,0.01,0.02,0.34,0.41,0,0,0,0,0
"280","Pataki93",1454,763,425,83,56,18820,16115,5384,5258,0.29,0.98,0.56,0.03,0.44,0.47,763,17,32.4,26,0.04,0.53,3.93,5.56,0.67,13.13,0.02,0.03,0.54,0.52,0,0.01,0,0,0.01
"281","Pataki97",1986,877,511,87,55,25714,21922,7282,7106,0.28,0.98,0.58,0.01,0.16,0.28,877,17,32.6,27,0.03,0.53,3.87,5.47,0.67,13.26,0.01,0.02,0.28,0.37,0,0.01,0,0,0
"282","Paul106",2945,992,577,96,62,38124,32433,10559,10303,0.28,0.98,0.58,0.01,0.19,0.31,992,17,33.8,26.7,0.03,0.53,3.59,5.08,0.65,13.24,0.01,0.01,0.3,0.39,0,0,0,0,0
"283","Paul110",2487,1004,569,86,51,32212,27370,8923,8756,0.28,0.98,0.57,0.01,0.16,0.28,1004,17,33.5,27.2,0.03,0.52,3.96,5.59,0.67,13.49,0.01,0.01,0.24,0.34,0,0.01,0,0,0
"284","Paul114",2107,895,531,76,49,27272,23140,7455,7291,0.27,0.98,0.59,0.01,0.18,0.3,895,17,34.1,24.9,0.03,0.52,3.83,5.42,0.67,13.26,0.01,0.02,0.27,0.37,0,0,0,0,0
"285","Paul118",2961,1045,607,89,57,38343,32513,10661,10443,0.28,0.98,0.58,0.01,0.19,0.31,1045,17,33.4,27.6,0.03,0.53,3.77,5.34,0.66,13.43,0.01,0.02,0.3,0.39,0,0,0,0,0
"286","Paul122",2277,911,538,91,62,29465,25041,8160,7983,0.28,0.98,0.59,0.02,0.25,0.35,911,17,32.5,25.5,0.03,0.52,3.75,5.31,0.66,13.23,0.01,0.02,0.35,0.42,0,0.01,0,0,0
"287","Paul128",1224,648,352,61,39,15832,13429,4430,4329,0.28,0.98,0.54,0.02,0.22,0.33,648,17,33.4,25,0.04,0.53,3.64,5.15,0.67,12.71,0.01,0.03,0.35,0.42,0,0.01,0,0,0
"288","Paul134",2126,927,555,88,55,27504,23570,7568,7396,0.28,0.98,0.6,0.01,0.18,0.3,927,17,33.3,25.5,0.03,0.53,3.95,5.59,0.67,13.39,0.01,0.02,0.24,0.35,0,0.01,0,0,0
"289","Paul141",2240,852,505,82,52,28983,24564,7914,7742,0.27,0.98,0.59,0.01,0.12,0.24,852,17,31.1,24.5,0.03,0.52,3.54,5,0.66,13,0.01,0.01,0.17,0.29,0,0,0,0,0
"290","Paul147",1513,731,421,69,48,19570,16682,5380,5295,0.27,0.98,0.58,0.02,0.34,0.41,731,17,33.4,25.9,0.04,0.52,3.69,5.23,0.67,12.9,0.01,0.03,0.43,0.46,0,0.01,0,0,0
"291","Paul155",1690,778,469,80,48,21861,18564,5993,5850,0.27,0.98,0.6,0.02,0.23,0.34,778,17,32,27.1,0.04,0.53,3.72,5.26,0.67,13,0.01,0.02,0.35,0.42,0,0.01,0,0,0
"292","Paul163",711,496,303,55,39,9181,7798,2467,2415,0.27,0.98,0.61,0.04,0.47,0.48,496,17,33.8,27.3,0.05,0.53,3.66,5.18,0.68,12.39,0.02,0.05,0.73,0.6,0.01,0.01,0,0,0.01
"293","Paul171",1600,686,387,65,42,20702,17694,5757,5649,0.28,0.98,0.56,0.02,0.25,0.35,686,17,32.7,25.8,0.03,0.52,3.37,4.77,0.66,12.59,0.01,0.02,0.29,0.38,0,0.01,0,0,0
"294","Paul178",1982,832,476,80,50,25629,21835,7042,6937,0.27,0.99,0.57,0.02,0.2,0.32,832,17,32.7,27,0.03,0.53,3.67,5.2,0.66,13.06,0.01,0.02,0.31,0.39,0,0.01,0,0,0
"295","Paul186",1185,668,404,60,40,15329,13105,4150,4077,0.27,0.98,0.6,0.02,0.19,0.31,668,17,33.4,26.4,0.04,0.53,3.82,5.4,0.67,12.87,0.01,0.02,0.23,0.34,0,0.01,0,0,0
"296","Paul195",908,537,295,59,40,11749,9958,3304,3215,0.28,0.97,0.55,0.03,0.43,0.46,537,17,32.8,26,0.05,0.53,3.5,4.95,0.67,12.36,0.02,0.04,0.57,0.54,0,0.01,0,0,0.01
"297","Paul203",1329,681,381,64,43,17200,14557,4733,4647,0.28,0.98,0.56,0.02,0.21,0.32,681,17,32.3,26.5,0.04,0.53,3.67,5.19,0.67,12.79,0.01,0.02,0.29,0.38,0,0.01,0,0,0
"298","Paul211",1725,787,452,68,47,22311,19056,6060,5941,0.27,0.98,0.57,0.01,0.16,0.29,787,17,33.8,26.1,0.04,0.53,3.73,5.27,0.67,13.02,0.01,0.02,0.2,0.31,0,0.01,0,0,0
"299","Paul219",2169,874,483,71,46,28066,23838,7680,7545,0.27,0.98,0.55,0.01,0.16,0.29,874,17,32.4,27.5,0.03,0.53,3.69,5.22,0.66,13.13,0.01,0.02,0.25,0.36,0,0.01,0,0,0
"300","Paul226",2136,874,480,68,45,27638,23429,7608,7451,0.28,0.98,0.55,0.01,0.11,0.23,874,17,31.7,27.5,0.03,0.53,3.72,5.26,0.66,13.15,0.01,0.01,0.15,0.28,0,0.01,0,0,0
"301","Paul263",1418,670,393,59,43,18350,15580,5011,4920,0.27,0.98,0.59,0.02,0.21,0.33,670,17,34.4,26.6,0.04,0.53,3.5,4.95,0.66,12.65,0.01,0.02,0.25,0.35,0,0.01,0,0,0
"302","Paul268",1179,622,346,65,45,15251,12924,4213,4095,0.28,0.97,0.56,0.02,0.27,0.37,622,17,32.2,25.8,0.04,0.53,3.56,5.04,0.67,12.59,0.02,0.03,0.36,0.43,0,0.01,0,0,0
"303","Paul280",1219,602,328,67,45,15758,13340,4383,4283,0.28,0.98,0.54,0.02,0.22,0.33,602,17,31.5,26.3,0.04,0.53,3.39,4.8,0.66,12.43,0.02,0.02,0.3,0.39,0,0.01,0,0,0.01
"304","Paul288",1277,649,369,68,44,16523,14012,4565,4436,0.28,0.97,0.57,0.02,0.27,0.37,649,17,34.8,25.2,0.04,0.53,3.57,5.05,0.67,12.66,0.01,0.03,0.42,0.46,0,0.01,0,0,0.01
"305","Paul296",1366,690,376,72,46,17683,14940,4963,4818,0.28,0.97,0.54,0.02,0.24,0.35,690,17,33.4,26.1,0.04,0.53,3.67,5.19,0.67,12.81,0.01,0.02,0.33,0.4,0,0.01,0,0,0
"306","Paul306",764,562,346,68,46,9860,8416,2730,2636,0.28,0.97,0.62,0.04,0.45,0.48,562,17,32.3,25.9,0.06,0.52,4,5.66,0.69,12.82,0.02,0.05,0.71,0.59,0.01,0.02,0,0,0.01
"307","Paul37",1610,782,441,78,49,20840,17723,5882,5750,0.28,0.98,0.56,0.02,0.22,0.33,782,17,32.8,25.2,0.04,0.52,3.83,5.42,0.67,13.08,0.01,0.02,0.34,0.41,0,0.01,0,0,0
"308","Paul48",1864,803,450,84,57,24110,20548,6734,6614,0.28,0.98,0.56,0.01,0.19,0.31,803,17,34.4,27,0.03,0.53,3.66,5.17,0.66,13,0.01,0.02,0.26,0.36,0,0.01,0,0,0
"309","Paul53",1967,837,466,76,47,25476,21639,7160,6992,0.28,0.98,0.56,0.01,0.14,0.26,837,17,31.8,26.4,0.03,0.53,3.71,5.24,0.66,13.09,0.01,0.01,0.19,0.31,0,0.01,0,0,0
"310","Paul60",1254,642,353,65,42,16218,13754,4591,4457,0.28,0.97,0.55,0.02,0.17,0.29,642,17,33.8,26,0.04,0.53,3.56,5.04,0.67,12.64,0.01,0.02,0.2,0.32,0,0.01,0,0,0.01
"311","Paul67",2263,934,550,99,66,29316,24817,8235,8035,0.28,0.98,0.59,0.02,0.3,0.39,934,17,33.5,26.7,0.03,0.53,3.86,5.45,0.66,13.33,0.01,0.02,0.45,0.47,0,0.01,0,0,0.01
"312","Paul75",923,580,339,58,38,11942,10179,3373,3286,0.28,0.97,0.58,0.02,0.22,0.34,580,17,32.6,25.9,0.05,0.53,3.75,5.31,0.68,12.65,0.02,0.03,0.32,0.4,0,0.01,0,0,0.01
"313","Pawlenty220",1805,897,530,93,60,23365,19931,6701,6516,0.29,0.97,0.59,0.02,0.21,0.33,897,17,32.1,26.3,0.04,0.52,4.15,5.87,0.68,13.48,0.01,0.03,0.43,0.46,0,0.01,0,0,0.01
"314","Pawlenty227",2186,1011,594,88,54,28301,24084,8064,7883,0.28,0.98,0.59,0.01,0.19,0.31,1011,17,32.6,27.1,0.04,0.53,4.25,6.01,0.67,13.7,0.01,0.02,0.36,0.43,0,0,0,0,0
"315","Pence4",6934,1744,1067,133,82,89879,76804,25700,25176,0.29,0.98,0.61,0.01,0.11,0.24,1744,17,33.4,27.5,0.02,0.52,4.11,5.82,0.65,14.33,0.01,0.01,0.2,0.32,0,0,0,0,0
"316","Perry103",770,552,327,58,41,9961,8421,2785,2729,0.28,0.98,0.59,0.03,0.33,0.41,552,17,35.2,25.6,0.06,0.53,3.91,5.53,0.69,12.72,0.02,0.03,0.33,0.41,0,0.01,0,0,0.01
"317","Perry123",1556,774,461,79,50,20162,17015,5712,5587,0.28,0.98,0.6,0.02,0.28,0.37,774,17,32,26.7,0.04,0.52,3.85,5.45,0.67,13.09,0.01,0.03,0.48,0.49,0,0.01,0,0,0
"318","Perry129",847,560,322,55,37,10965,9318,3075,3017,0.28,0.98,0.57,0.03,0.31,0.4,560,17,32.9,26,0.05,0.52,3.78,5.35,0.68,12.63,0.02,0.03,0.44,0.47,0,0.01,0,0,0
"319","Perry135",953,609,358,62,45,12343,10438,3443,3381,0.28,0.98,0.59,0.03,0.3,0.39,609,17,34.2,26.5,0.05,0.52,3.88,5.48,0.68,12.81,0.02,0.03,0.42,0.46,0,0.01,0,0,0.01
"320","Perry142",1254,683,390,68,40,16228,13750,4507,4408,0.28,0.98,0.57,0.02,0.19,0.31,683,17,33,26.1,0.04,0.52,3.79,5.36,0.67,12.88,0.02,0.02,0.23,0.34,0,0.01,0,0,0.01
"321","Perry148",1882,779,427,81,50,24386,20603,6769,6639,0.28,0.98,0.55,0.02,0.26,0.36,779,17,30.7,25.4,0.03,0.52,3.53,4.99,0.66,12.87,0.01,0.02,0.39,0.44,0,0.01,0,0,0
"322","Perry156",1579,757,440,64,41,20462,17198,5632,5525,0.28,0.98,0.58,0.01,0.14,0.27,757,17,32.1,25.4,0.04,0.52,3.74,5.29,0.67,12.98,0.01,0.02,0.21,0.32,0,0.01,0,0,0
"323","Perry164",1133,596,330,61,42,14663,12405,4071,3993,0.28,0.98,0.55,0.03,0.42,0.46,596,17,32.8,27.8,0.04,0.53,3.48,4.92,0.67,12.48,0.01,0.03,0.48,0.49,0,0.01,0,0,0
"324","Perry172",1101,604,351,51,36,14265,12063,3947,3890,0.28,0.99,0.58,0.02,0.21,0.32,604,17,32.7,26.4,0.04,0.52,3.58,5.06,0.67,12.57,0.01,0.02,0.21,0.32,0,0.01,0,0,0
"325","Perry179",1854,782,443,67,43,24009,20333,6693,6555,0.28,0.98,0.57,0.01,0.15,0.27,782,17,31.1,26.4,0.03,0.53,3.57,5.05,0.66,12.9,0.01,0.01,0.18,0.3,0,0.01,0,0,0
"326","Perry187",1658,724,411,65,41,21489,18166,6035,5921,0.28,0.98,0.57,0.01,0.15,0.27,724,17,31.8,27.2,0.03,0.52,3.49,4.94,0.66,12.75,0.01,0.02,0.18,0.3,0,0.01,0,0,0
"327","Perry196",1742,765,421,77,45,22577,19042,6350,6218,0.28,0.98,0.55,0.02,0.28,0.38,765,17,33.4,26.3,0.03,0.52,3.6,5.09,0.66,12.89,0.01,0.02,0.42,0.46,0,0.01,0,0,0
"328","Perry204",2139,839,476,74,48,27710,23344,7708,7568,0.28,0.98,0.57,0.01,0.18,0.3,839,17,33.3,25.3,0.03,0.52,3.56,5.04,0.66,12.99,0.01,0.02,0.24,0.34,0,0,0,0,0
"329","Perry212",2267,965,567,81,49,29386,24836,8215,8049,0.28,0.98,0.59,0.01,0.13,0.25,965,17,33.8,25.6,0.03,0.53,3.98,5.63,0.67,13.46,0.01,0.01,0.18,0.3,0,0.01,0,0,0
"330","Richard Nixon - Cambodian Incursion Address",2666,1070,620,105,62,34515,29379,9885,9655,0.29,0.98,0.58,0.01,0.2,0.32,1070,17,33.1,26.9,0.03,0.53,4.07,5.76,0.67,13.65,0.01,0.02,0.3,0.39,0,0.01,0,0,0
"331","Richard Nixon - Checkers",4569,1292,762,119,76,59142,50016,16330,15988,0.28,0.98,0.59,0.01,0.09,0.21,1292,17,33.1,28.4,0.02,0.53,3.76,5.31,0.65,13.71,0.01,0.01,0.18,0.3,0,0,0,0,0
"332","Richard Nixon - Resignation Address",1834,876,534,88,59,23759,20004,6660,6500,0.28,0.98,0.61,0.02,0.18,0.3,876,17,32.2,25.3,0.04,0.52,4.02,5.68,0.67,13.36,0.01,0.02,0.29,0.38,0,0.01,0,0,0
"333","Richard Nixon - Silent Majority",4570,1495,894,128,77,59166,50057,16839,16430,0.28,0.98,0.6,0.01,0.1,0.22,1495,17,33,27.3,0.03,0.53,4.35,6.15,0.67,14.26,0.01,0.01,0.19,0.31,0,0,0,0,0
"334","Richardson245",1869,917,569,85,60,24199,20692,6963,6843,0.29,0.98,0.62,0.02,0.3,0.39,917,17,33,26.5,0.04,0.53,4.17,5.89,0.68,13.52,0.01,0.02,0.42,0.46,0,0.01,0,0,0
"335","Richardson260",1892,828,467,86,60,24468,20853,6972,6780,0.28,0.97,0.56,0.02,0.23,0.34,828,17,33.2,26.1,0.03,0.52,3.74,5.29,0.66,13.1,0.01,0.02,0.34,0.41,0,0.01,0,0,0
"336","Robert F. Kennedy - Cape Town Address",4424,1688,1098,138,99,57335,48793,16352,16071,0.29,0.98,0.65,0.02,0.53,0.51,1688,17,33.9,25.6,0.03,0.52,4.98,7.05,0.68,14.79,0.01,0.02,0.84,0.65,0,0,0,0,0
"337","Robert F. Kennedy - MLK Assassination",664,483,305,50,37,8595,7236,2441,2381,0.28,0.98,0.63,0.04,0.46,0.48,483,17,32,25,0.06,0.52,3.68,5.21,0.68,12.38,0.02,0.05,0.75,0.61,0.01,0.01,0,0,0
"338","Robert La Follette - Free Speech In Wartime",15287,3185,2285,265,183,198210,167909,56169,55106,0.28,0.98,0.72,0.01,0.25,0.35,3185,17,33,24.2,0.02,0.52,5.06,7.15,0.66,15.64,0,0.01,0.38,0.44,0,0,0,0,0
"339","Romney107",4443,1333,771,124,74,57546,48836,16421,15993,0.29,0.97,0.58,0.01,0.26,0.36,1333,17,34.8,25.6,0.02,0.53,3.93,5.56,0.66,13.86,0.01,0.01,0.43,0.47,0,0,0,0,0
"340","Romney111",4586,1417,835,115,73,59390,50337,16641,16331,0.28,0.98,0.59,0.01,0.15,0.27,1417,17,31.5,25.4,0.02,0.53,4.11,5.81,0.66,14.05,0.01,0.01,0.22,0.33,0,0,0,0,0
"341","Romney115",4447,1329,767,112,70,57594,48833,16321,15966,0.28,0.98,0.58,0.01,0.11,0.24,1329,17,33,26.5,0.02,0.53,3.92,5.54,0.66,13.84,0.01,0.01,0.2,0.31,0,0,0,0,0
"342","Romney119",4181,1305,739,119,72,54153,45948,15307,14978,0.28,0.98,0.57,0.01,0.18,0.3,1305,17,33.3,27.1,0.02,0.53,3.97,5.61,0.66,13.85,0.01,0.01,0.27,0.37,0,0,0,0,0
"343","Romney124",4639,1380,803,135,84,60109,50993,17203,16800,0.29,0.98,0.58,0.01,0.35,0.42,1380,17,34.5,26.6,0.02,0.53,3.98,5.63,0.66,13.93,0.01,0.02,0.62,0.56,0,0,0,0,0
"344","Romney130",2770,1048,582,95,58,35889,30340,10155,9917,0.28,0.98,0.56,0.01,0.14,0.26,1048,17,32.4,25.4,0.03,0.53,3.91,5.53,0.66,13.52,0.01,0.01,0.23,0.34,0,0,0,0,0
"345","Romney136",4180,1254,714,116,68,54151,45849,15348,14968,0.28,0.98,0.57,0.01,0.12,0.24,1254,17,33.7,26.6,0.02,0.52,3.81,5.39,0.65,13.7,0.01,0.01,0.21,0.32,0,0,0,0,0
"346","Romney143",2825,1101,634,110,69,36555,31075,10273,10053,0.28,0.98,0.58,0.02,0.3,0.39,1101,17,31.8,26.6,0.03,0.53,4.07,5.76,0.67,13.69,0.01,0.02,0.4,0.45,0,0,0,0,0
"347","Romney149",3439,1066,614,104,66,44514,37676,12553,12254,0.28,0.98,0.58,0.01,0.19,0.31,1066,17,34.8,26.5,0.02,0.53,3.57,5.05,0.65,13.33,0.01,0.01,0.29,0.38,0,0,0,0,0
"348","Romney157",1841,767,419,75,46,23835,20197,6706,6533,0.28,0.97,0.55,0.02,0.21,0.32,767,17,32.4,25.7,0.03,0.52,3.51,4.97,0.66,12.84,0.01,0.02,0.31,0.4,0,0.01,0,0,0
"349","Romney165",1867,821,462,75,45,24174,20404,6787,6611,0.28,0.97,0.56,0.01,0.18,0.3,821,17,34.6,25.9,0.03,0.53,3.73,5.28,0.66,13.08,0.01,0.02,0.28,0.37,0,0.01,0,0,0
"350","Romney173",3246,1031,576,94,54,42039,35616,11988,11718,0.29,0.98,0.56,0.01,0.1,0.23,1031,17,34.7,27.1,0.02,0.53,3.56,5.03,0.65,13.28,0.01,0.01,0.2,0.32,0,0,0,0,0
"351","Romney180",3583,1107,620,88,54,46406,39409,13100,12845,0.28,0.98,0.56,0.01,0.09,0.21,1107,17,32.5,26.4,0.02,0.53,3.63,5.14,0.65,13.42,0.01,0.01,0.12,0.24,0,0,0,0,0
"352","Romney188",4013,1209,695,111,63,51996,43945,14715,14352,0.28,0.98,0.57,0.01,0.14,0.26,1209,17,33,26.6,0.02,0.53,3.75,5.3,0.65,13.61,0.01,0.01,0.28,0.37,0,0,0,0,0
"353","Romney197",2159,851,480,80,50,27955,23621,7954,7774,0.28,0.98,0.56,0.01,0.13,0.25,851,17,34,27.5,0.03,0.53,3.6,5.09,0.66,13.04,0.01,0.01,0.2,0.32,0,0.01,0,0,0
"354","Romney205",2115,894,512,89,57,27372,23275,7739,7575,0.28,0.98,0.57,0.01,0.18,0.3,894,17,33.2,27.2,0.03,0.53,3.82,5.4,0.67,13.25,0.01,0.02,0.35,0.42,0,0.01,0,0,0
"355","Romney213",2090,871,491,81,53,27069,22954,7698,7538,0.28,0.98,0.56,0.01,0.12,0.25,871,17,34.4,27.6,0.03,0.53,3.74,5.29,0.66,13.16,0.01,0.01,0.2,0.32,0,0.01,0,0,0
"356","Romney221",2304,879,487,77,51,29834,25170,8394,8217,0.28,0.98,0.55,0.01,0.14,0.26,879,17,32.9,26.6,0.03,0.52,3.6,5.09,0.66,13.08,0.01,0.01,0.19,0.31,0,0,0,0,0
"357","Romney228",2175,899,521,77,49,28168,23864,7983,7784,0.28,0.98,0.58,0.01,0.1,0.23,899,17,32.5,27.2,0.03,0.53,3.79,5.36,0.66,13.24,0.01,0.01,0.15,0.27,0,0.01,0,0,0
"358","Romney264",5256,1468,849,131,79,68098,57722,19214,18780,0.28,0.98,0.58,0.01,0.19,0.31,1468,17,32.7,27.3,0.02,0.53,3.98,5.63,0.66,14.02,0.01,0.01,0.29,0.38,0,0,0,0,0
"359","Romney269",4331,1288,722,115,66,56114,47313,15932,15524,0.28,0.97,0.56,0.01,0.13,0.25,1288,17,32.3,25,0.02,0.53,3.84,5.44,0.65,13.76,0.01,0.01,0.22,0.33,0,0,0,0,0
"360","Romney274",4182,1300,763,113,72,54188,45779,15155,14815,0.28,0.98,0.59,0.01,0.19,0.31,1300,17,32.7,26.5,0.02,0.53,3.95,5.58,0.66,13.83,0.01,0.01,0.28,0.37,0,0,0,0,0
"361","Romney281",2195,913,519,83,51,28411,24026,8053,7868,0.28,0.98,0.57,0.01,0.18,0.3,913,17,33.9,26,0.03,0.53,3.83,5.42,0.66,13.28,0.01,0.02,0.31,0.39,0,0.01,0,0,0
"362","Romney289",3096,1125,643,106,66,40107,33958,11377,11101,0.28,0.98,0.57,0.01,0.23,0.34,1125,17,34.2,25.1,0.03,0.52,3.97,5.62,0.66,13.65,0.01,0.01,0.31,0.4,0,0,0,0,0
"363","Romney297",2218,941,531,87,51,28725,24309,8169,7985,0.28,0.98,0.56,0.01,0.12,0.25,941,17,34.5,26,0.03,0.53,3.93,5.55,0.67,13.39,0.01,0.02,0.23,0.34,0,0.01,0,0,0
"364","Romney302",2429,933,511,106,71,31439,26688,8883,8661,0.28,0.98,0.55,0.01,0.24,0.35,933,17,34.1,26.9,0.03,0.53,3.72,5.26,0.66,13.24,0.01,0.02,0.5,0.5,0,0,0,0,0.01
"365","Ronald Reagan - 40th Anniversary of D-Day",1931,969,620,90,61,24982,21506,6989,6877,0.28,0.98,0.64,0.02,0.26,0.36,969,17,34.5,27.1,0.04,0.53,4.34,6.13,0.68,13.7,0.01,0.02,0.38,0.44,0,0.01,0,0,0
"366","Ronald Reagan - Brandenburg Gate Address",2778,1246,743,101,65,35960,30670,10213,10050,0.28,0.98,0.6,0.02,0.29,0.38,1246,17,33.1,26.3,0.03,0.52,4.65,6.57,0.68,14.21,0.01,0.02,0.53,0.51,0,0,0,0,0
"367","Ronald Reagan - Evil Empire",3961,1695,1066,149,96,51290,43965,14697,14369,0.29,0.98,0.63,0.02,0.35,0.42,1695,17,34.5,27,0.03,0.53,5.29,7.48,0.69,14.98,0.01,0.02,0.52,0.51,0,0,0,0,0
"368","Ronald Reagan - First Inaugural Address",2531,1178,726,90,61,32753,27982,9267,9081,0.28,0.98,0.62,0.01,0.2,0.31,1178,17,32.6,27.4,0.04,0.53,4.6,6.51,0.68,14.12,0.01,0.02,0.4,0.45,0,0,0,0,0
"369","Ronald Reagan - Shuttle Challenger Address",720,553,349,57,42,9292,8038,2595,2559,0.28,0.99,0.63,0.05,0.57,0.53,553,17,32.4,26.1,0.06,0.52,4.06,5.74,0.69,12.85,0.02,0.06,0.78,0.62,0.01,0.01,0,0,0.01
"370","Rubio17",4929,1434,835,105,67,63822,54050,17792,17390,0.28,0.98,0.58,0.01,0.11,0.24,1434,17,31.8,26.7,0.02,0.53,4.01,5.68,0.66,14.01,0.01,0.01,0.16,0.28,0,0,0,0,0
"371","Rubio20",3350,1161,647,104,58,43380,36886,12125,11803,0.28,0.97,0.56,0.01,0.18,0.3,1161,17,32.8,25.2,0.03,0.53,3.94,5.57,0.66,13.68,0.01,0.02,0.34,0.41,0,0,0,0,0
"372","Rubio23",3712,1174,666,111,68,48083,40862,13477,13106,0.28,0.97,0.57,0.01,0.18,0.3,1174,17,34.4,26.6,0.02,0.53,3.79,5.35,0.66,13.6,0.01,0.01,0.23,0.34,0,0,0,0,0
"373","Rubio27",2318,1039,626,82,57,30016,25506,8458,8248,0.28,0.98,0.6,0.02,0.27,0.37,1039,17,32.2,25.3,0.03,0.53,4.24,6,0.67,13.72,0.01,0.02,0.38,0.43,0,0,0,0,0
"374","Rubio32",4057,1295,758,125,79,52565,44630,14639,14307,0.28,0.98,0.59,0.01,0.24,0.35,1295,17,33.2,26.7,0.02,0.53,3.99,5.65,0.66,13.86,0.01,0.01,0.37,0.43,0,0,0,0,0
"375","Rubio38",3181,1035,581,102,62,41210,34977,11581,11267,0.28,0.97,0.56,0.01,0.25,0.35,1035,17,33.4,27.1,0.03,0.53,3.61,5.1,0.65,13.31,0.01,0.02,0.43,0.47,0,0,0,0,0
"376","Rubio43",3140,1051,610,98,64,40679,34523,11322,11054,0.28,0.98,0.58,0.01,0.26,0.36,1051,17,33.8,26.9,0.03,0.53,3.68,5.21,0.66,13.38,0.01,0.02,0.42,0.46,0,0,0,0,0
"377","Rubio49",3174,1093,642,101,65,41105,34869,11426,11149,0.28,0.98,0.59,0.01,0.22,0.33,1093,17,32.6,25.6,0.03,0.53,3.81,5.39,0.66,13.51,0.01,0.01,0.3,0.39,0,0,0,0,0
"378","Rubio54",2327,907,499,81,48,30143,25562,8472,8256,0.28,0.97,0.55,0.01,0.19,0.31,907,17,34.1,27.3,0.03,0.53,3.69,5.22,0.66,13.19,0.01,0.02,0.25,0.35,0,0.01,0,0,0
"379","Rubio61",2374,968,534,91,52,30752,25891,8609,8400,0.28,0.98,0.55,0.01,0.16,0.28,968,17,34,25.9,0.03,0.53,3.9,5.52,0.67,13.41,0.01,0.02,0.31,0.39,0,0.01,0,0,0
"380","Rubio68",2895,1111,637,113,66,37518,31785,10490,10193,0.28,0.97,0.57,0.01,0.25,0.35,1111,17,33.6,24.9,0.03,0.53,4.06,5.74,0.67,13.69,0.01,0.02,0.37,0.43,0,0,0,0,0
"381","Rubio76",1378,690,368,66,49,17837,15129,4962,4842,0.28,0.98,0.53,0.02,0.23,0.34,690,17,31.3,26.7,0.04,0.53,3.65,5.17,0.67,12.8,0.01,0.02,0.32,0.4,0,0.01,0,0,0
"382","Russell Conwell - Acres of Diamonds",15286,2891,2054,184,118,197925,168252,53798,52575,0.27,0.98,0.71,0,0.06,0.18,2891,17,31.9,26.5,0.01,0.53,4.59,6.5,0.65,15.28,0,0,0.13,0.25,0,0,0,0,0
"383","Sanders10",4121,1383,834,127,86,53398,45403,15290,14936,0.29,0.98,0.6,0.01,0.24,0.35,1383,17,32.7,26.7,0.03,0.53,4.23,5.98,0.66,14.09,0.01,0.01,0.37,0.43,0,0,0,0,0
"384","Sanders11",4915,1470,870,126,78,63684,54122,18142,17716,0.28,0.98,0.59,0.01,0.12,0.25,1470,17,33.4,25.6,0.02,0.53,4.12,5.83,0.66,14.1,0.01,0.01,0.21,0.32,0,0,0,0,0
"385","Sanders12",4099,1267,719,118,75,53112,45077,15165,14776,0.29,0.97,0.57,0.01,0.15,0.27,1267,17,31.6,26.6,0.02,0.53,3.89,5.5,0.66,13.76,0.01,0.01,0.18,0.3,0,0,0,0,0
"386","Sanders5",4475,1358,802,121,79,57979,49537,16585,16156,0.29,0.97,0.59,0.01,0.13,0.26,1358,17,34.1,26,0.02,0.53,3.99,5.64,0.66,13.92,0.01,0.01,0.23,0.34,0,0,0,0,0
"387","Sanders6",4247,1344,793,105,60,55056,46886,15832,15466,0.29,0.98,0.59,0.01,0.22,0.33,1344,17,33.1,26.4,0.02,0.53,4.05,5.73,0.66,13.94,0.01,0.01,0.34,0.41,0,0,0,0,0
"388","Sanders7",246,336,227,30,25,3173,2688,881,871,0.28,0.99,0.68,0.08,0.83,0.64,336,17,29.8,24.9,0.11,0.51,4.22,5.96,0.72,12.57,0.03,0.08,0.83,0.64,0.01,0.02,0,0,0.01
"389","Sanders8",6710,1812,1135,152,95,86891,73924,24703,24104,0.28,0.98,0.63,0.01,0.25,0.36,1812,17,33.5,26.5,0.02,0.53,4.35,6.15,0.66,14.51,0.01,0.01,0.48,0.49,0,0,0,0,0
"390","Sanders9",5884,1624,973,143,87,76235,64842,21608,21016,0.28,0.97,0.6,0.01,0.11,0.24,1624,17,33.4,26.6,0.02,0.53,4.16,5.88,0.66,14.26,0.01,0.01,0.2,0.32,0,0,0,0,0
"391","Santorum104",1551,777,463,67,46,20086,17084,5675,5540,0.28,0.98,0.6,0.02,0.32,0.4,777,17,32.8,27.6,0.04,0.53,3.88,5.48,0.67,13.11,0.01,0.02,0.41,0.45,0,0.01,0,0,0
"392","Santorum108",4168,1249,710,110,67,54010,45837,15197,14835,0.28,0.98,0.57,0.01,0.11,0.23,1249,17,33.9,26.2,0.02,0.53,3.8,5.37,0.65,13.69,0.01,0.01,0.14,0.27,0,0,0,0,0
"393","Santorum116",2479,1112,669,92,62,32126,27185,8964,8792,0.28,0.98,0.6,0.01,0.24,0.34,1112,17,33.9,25.6,0.03,0.53,4.39,6.2,0.68,13.91,0.01,0.02,0.41,0.45,0,0,0,0,0
"394","Santorum120",4197,1236,723,97,58,54391,46083,15328,14928,0.28,0.97,0.58,0.01,0.16,0.29,1236,17,32.8,25.6,0.02,0.52,3.75,5.3,0.65,13.64,0.01,0.01,0.27,0.37,0,0,0,0,0
"395","Santorum125",2507,1024,599,84,62,32485,27495,9201,8985,0.28,0.98,0.58,0.01,0.2,0.32,1024,17,32.2,25.9,0.03,0.53,4.02,5.68,0.67,13.56,0.01,0.02,0.26,0.36,0,0,0,0,0
"396","Santorum131",2342,894,496,82,50,30338,25617,8467,8294,0.28,0.98,0.55,0.02,0.32,0.4,894,17,34.9,25.7,0.03,0.52,3.63,5.13,0.66,13.12,0.01,0.02,0.52,0.51,0,0,0,0,0
"397","Santorum137",2908,1127,659,102,66,37653,31955,10482,10237,0.28,0.98,0.58,0.02,0.32,0.4,1127,17,33.2,26.2,0.03,0.52,4.11,5.81,0.67,13.74,0.01,0.02,0.39,0.44,0,0,0,0,0
"398","Santorum144",1694,793,449,78,52,21927,18655,6040,5904,0.28,0.98,0.57,0.02,0.33,0.41,793,17,34.1,26.2,0.04,0.53,3.79,5.36,0.67,13.07,0.01,0.02,0.47,0.48,0,0.01,0,0,0
"399","Santorum150",1690,814,468,75,51,21873,18558,6036,5924,0.28,0.98,0.57,0.01,0.16,0.28,814,17,35.1,26.2,0.04,0.53,3.89,5.5,0.67,13.18,0.01,0.02,0.22,0.33,0,0.01,0,0,0
"400","Santorum158",1083,665,386,64,45,14014,11888,3854,3787,0.28,0.98,0.58,0.03,0.36,0.42,665,17,33.5,26.4,0.05,0.52,3.97,5.62,0.68,12.99,0.02,0.03,0.55,0.52,0,0.01,0,0,0.01
"401","Santorum166",1330,636,349,75,47,17200,14539,4695,4577,0.27,0.97,0.55,0.02,0.28,0.37,636,17,32.5,26,0.04,0.52,3.43,4.85,0.66,12.53,0.02,0.03,0.48,0.49,0,0.01,0,0,0
"402","Santorum174",1109,689,419,58,39,14358,12142,4063,3970,0.28,0.98,0.61,0.02,0.26,0.36,689,17,30.7,25.9,0.05,0.52,4.07,5.75,0.68,13.1,0.01,0.03,0.36,0.43,0,0.01,0,0,0
"403","Santorum181",1785,858,485,74,45,23105,19652,6449,6314,0.28,0.98,0.57,0.02,0.24,0.34,858,17,31.4,26.2,0.04,0.52,3.99,5.64,0.67,13.31,0.01,0.02,0.36,0.42,0,0.01,0,0,0
"404","Santorum189",1292,665,374,66,46,16730,14201,4790,4678,0.29,0.98,0.56,0.02,0.3,0.39,665,17,33.3,26.4,0.04,0.52,3.64,5.14,0.67,12.74,0.01,0.02,0.35,0.42,0,0.01,0,0,0
"405","Santorum198",1298,667,385,65,43,16821,14207,4784,4662,0.28,0.97,0.58,0.02,0.19,0.31,667,17,32.5,26.2,0.04,0.52,3.64,5.14,0.67,12.74,0.01,0.02,0.35,0.42,0,0.01,0,0,0
"406","Santorum206",1363,746,443,65,47,17658,14957,4977,4901,0.28,0.98,0.59,0.02,0.36,0.42,746,17,33.1,26.7,0.04,0.52,3.97,5.61,0.68,13.13,0.01,0.03,0.52,0.51,0,0.01,0,0,0
"407","Santorum214",929,601,352,57,39,12030,10167,3315,3247,0.28,0.98,0.59,0.03,0.32,0.4,601,17,31.7,26.8,0.05,0.53,3.87,5.48,0.68,12.79,0.02,0.03,0.5,0.5,0,0.01,0,0,0
"408","Santorum222",2041,875,483,86,46,26431,22495,7476,7277,0.28,0.97,0.55,0.01,0.18,0.3,875,17,33.1,26.7,0.03,0.53,3.81,5.38,0.67,13.21,0.01,0.02,0.34,0.41,0,0.01,0,0,0
"409","Santorum229",1970,921,549,76,51,25513,21711,7232,7055,0.28,0.98,0.6,0.02,0.22,0.33,921,17,32.9,27.4,0.04,0.53,4.08,5.77,0.67,13.46,0.01,0.02,0.33,0.4,0,0.01,0,0,0
"410","Santorum80",1683,833,487,92,57,21794,18516,6115,5973,0.28,0.98,0.58,0.02,0.21,0.33,833,17,32.8,25.4,0.04,0.53,3.99,5.64,0.67,13.28,0.02,0.02,0.33,0.4,0,0.01,0,0,0.01
"411","Santorum82",1976,971,599,88,57,25588,21712,7180,6995,0.28,0.97,0.62,0.02,0.24,0.35,971,17,32.3,26.5,0.04,0.53,4.29,6.07,0.68,13.68,0.01,0.02,0.34,0.41,0,0.01,0,0,0
"412","Santorum86",2987,1018,587,99,61,38678,32731,10729,10446,0.28,0.97,0.58,0.01,0.14,0.26,1018,17,33.2,25.6,0.03,0.52,3.66,5.18,0.66,13.32,0.01,0.01,0.23,0.34,0,0,0,0,0
"413","Santorum90",2187,982,554,84,55,28332,24043,8105,7916,0.29,0.98,0.56,0.02,0.34,0.41,982,17,32.7,27,0.03,0.52,4.13,5.83,0.67,13.58,0.01,0.02,0.38,0.44,0,0,0,0,0
"414","Santorum94",1551,805,474,75,47,20093,17000,5717,5557,0.28,0.97,0.59,0.02,0.19,0.31,805,17,32.4,25.4,0.04,0.52,4.02,5.68,0.68,13.25,0.01,0.02,0.3,0.39,0,0.01,0,0,0.01
"415","Santorum98",2501,978,571,95,60,32405,27521,9206,8998,0.28,0.98,0.58,0.01,0.21,0.32,978,17,34.8,27.4,0.03,0.52,3.84,5.43,0.66,13.38,0.01,0.02,0.3,0.38,0,0.01,0,0,0
"416","Shirley Chisholm - For the Equal Rights Amendment",1896,1057,652,102,67,24548,21029,7202,7047,0.29,0.98,0.62,0.02,0.3,0.39,1057,17,32.1,26.7,0.04,0.52,4.77,6.75,0.69,14.11,0.01,0.02,0.39,0.44,0,0.01,0,0.01,0.01
"417","Spiro Agnew - TV News Coverage",3559,1505,918,152,92,46072,39355,13428,12958,0.29,0.96,0.61,0.02,0.33,0.41,1505,17,34.4,26,0.03,0.53,4.96,7.01,0.68,14.64,0.01,0.02,0.75,0.61,0,0,0,0,0.01
"418","Stokely Carmichael - Black Power",7673,1703,1113,123,78,99293,83933,27470,26861,0.28,0.98,0.65,0,0.05,0.15,1703,17,33.3,26.9,0.02,0.53,3.82,5.4,0.65,14.14,0,0.01,0.11,0.24,0,0,0,0,0
"419","Tancredo282",1376,689,377,76,51,17803,15084,4930,4819,0.28,0.98,0.55,0.02,0.21,0.32,689,17,32,24.5,0.04,0.52,3.65,5.16,0.67,12.79,0.02,0.02,0.29,0.38,0,0.01,0,0,0.01
"420","Tancredo290",834,564,348,61,41,10798,9178,3027,2964,0.28,0.98,0.62,0.03,0.45,0.47,564,17,32.4,25.9,0.05,0.53,3.84,5.43,0.68,12.69,0.02,0.04,0.6,0.55,0,0.01,0,0,0.01
"421","Tancredo298",431,425,262,49,35,5575,4708,1552,1505,0.28,0.97,0.62,0.06,0.61,0.55,425,17,31.7,26.4,0.08,0.52,4.02,5.69,0.7,12.55,0.03,0.07,0.73,0.61,0.01,0.02,0,0.01,0.01
"422","Tancredo304",859,576,330,68,40,11118,9383,3158,3058,0.28,0.97,0.57,0.03,0.33,0.41,576,17,31.6,26,0.05,0.52,3.86,5.46,0.68,12.73,0.02,0.03,0.4,0.45,0,0.01,0,0.01,0.01
"423","Ted Kennedy - Chappaquiddick",1350,858,502,85,53,17478,14879,4997,4878,0.29,0.98,0.59,0.02,0.24,0.35,858,17,32.5,25.4,0.05,0.52,4.59,6.49,0.69,13.75,0.02,0.03,0.39,0.44,0,0.01,0,0.01,0.01
"424","Ted Kennedy - DNC Address",3435,1341,801,122,72,44489,38030,12620,12297,0.28,0.97,0.6,0.01,0.23,0.34,1341,17,35.4,26.3,0.03,0.53,4.5,6.36,0.67,14.21,0.01,0.02,0.53,0.52,0,0,0,0,0
"425","Ted Kennedy - Eulogy for Robert Kennedy",1385,811,488,78,53,17929,15264,5033,4939,0.28,0.98,0.6,0.03,0.42,0.46,811,17,32.1,26.8,0.05,0.52,4.28,6.06,0.68,13.46,0.02,0.03,0.48,0.49,0,0.01,0,0,0.01
"426","Ted Kennedy - Truth and Tolerance",3709,1493,925,146,89,48027,40994,13705,13264,0.29,0.97,0.62,0.01,0.24,0.35,1493,17,30.9,26.3,0.03,0.53,4.82,6.81,0.68,14.54,0.01,0.02,0.55,0.52,0,0,0,0,0
"427","Teddy Roosevelt - Man With Muck-rake",3210,1426,964,107,75,41619,35507,11730,11495,0.28,0.98,0.68,0.02,0.3,0.39,1426,17,31.1,26.4,0.03,0.52,4.94,6.99,0.68,14.56,0.01,0.02,0.34,0.41,0,0,0,0,0
"428","Thompson275",1399,750,403,84,49,18119,15254,5107,4972,0.28,0.97,0.54,0.03,0.42,0.46,750,17,31.8,26.4,0.04,0.52,3.94,5.57,0.68,13.11,0.02,0.04,0.68,0.58,0,0.01,0,0,0.01
"429","Thompson283",1245,688,385,68,46,16112,13600,4533,4438,0.28,0.98,0.56,0.02,0.18,0.3,688,17,33,26.8,0.04,0.52,3.83,5.42,0.67,12.92,0.02,0.02,0.21,0.33,0,0.01,0,0,0
"430","Thompson291",1778,866,500,80,51,23030,19540,6440,6290,0.28,0.98,0.58,0.02,0.28,0.38,866,17,31.1,27.2,0.04,0.52,4.04,5.71,0.67,13.36,0.01,0.02,0.41,0.45,0,0.01,0,0,0
"431","Thompson299",1391,788,447,80,54,18006,15354,5092,4982,0.28,0.98,0.57,0.02,0.3,0.39,788,17,33.3,26.6,0.04,0.53,4.15,5.87,0.68,13.33,0.02,0.03,0.4,0.44,0,0.01,0,0,0.01
"432","Thompson307",1156,649,356,76,52,14963,12655,4242,4141,0.28,0.98,0.55,0.03,0.39,0.44,649,17,32.9,25.8,0.04,0.52,3.75,5.31,0.67,12.79,0.02,0.04,0.71,0.6,0,0.01,0,0,0.01
"433","Trump1",6385,1500,962,136,84,82594,70554,22699,22113,0.27,0.97,0.64,0.01,0.15,0.28,1500,17,33.2,27.6,0.02,0.53,3.69,5.22,0.65,13.89,0.01,0.01,0.25,0.35,0,0,0,0,0
"434","Trump18",495,368,231,45,33,6385,5495,1727,1655,0.27,0.96,0.63,0.05,0.46,0.48,368,17,31.8,26.1,0.06,0.52,3.26,4.61,0.67,11.68,0.03,0.05,0.56,0.53,0.01,0.02,0,0,0.01
"435","Trump2",6953,1617,1028,137,84,89915,76790,24728,24121,0.28,0.98,0.64,0.01,0.09,0.22,1617,17,32,26.6,0.02,0.53,3.81,5.39,0.65,14.06,0.01,0.01,0.14,0.27,0,0,0,0,0
"436","Trump21",1363,616,345,67,46,17619,15143,4882,4726,0.28,0.97,0.56,0.01,0.14,0.26,616,17,33.5,27.1,0.03,0.53,3.28,4.64,0.66,12.38,0.01,0.02,0.2,0.32,0,0.01,0,0,0
"437","Trump22",688,468,289,61,39,8888,7575,2498,2405,0.28,0.96,0.62,0.03,0.36,0.43,468,17,33.8,26.1,0.05,0.52,3.51,4.96,0.68,12.2,0.02,0.05,0.68,0.58,0.01,0.01,0,0,0.01
"438","Trump23",1527,638,365,67,44,19743,16993,5573,5438,0.28,0.98,0.57,0.02,0.18,0.3,638,17,31.6,26.1,0.03,0.53,3.21,4.54,0.65,12.38,0.01,0.02,0.21,0.32,0,0.01,0,0,0
"439","Trump24",423,394,247,49,35,5457,4742,1508,1467,0.28,0.97,0.63,0.05,0.51,0.51,394,17,31.9,26.4,0.07,0.53,3.77,5.33,0.69,12.23,0.03,0.05,0.51,0.51,0.01,0.02,0,0.01,0.01
"440","Trump3",8259,1766,1112,141,84,106855,90968,29541,28691,0.28,0.97,0.63,0,0.06,0.17,1766,17,33.1,27.8,0.02,0.53,3.82,5.4,0.65,14.19,0,0,0.09,0.22,0,0,0,0,0
"441","Trump44",132,180,125,22,21,1689,1483,431,427,0.26,0.99,0.69,0.12,1.08,0.73,180,17,31.3,26.7,0.11,0.5,3.1,4.38,0.7,10.71,0.05,0.12,1.08,0.73,0.02,0.03,0,0,0
"442","Trump62",421,377,243,43,35,5438,4701,1526,1505,0.28,0.99,0.64,0.05,0.51,0.5,377,17,31.3,26,0.07,0.53,3.61,5.11,0.69,12.04,0.03,0.06,0.61,0.55,0.01,0.02,0,0,0
"443","Trump74",146,254,180,31,30,1875,1617,512,510,0.27,1,0.71,0.15,1.52,0.87,254,17,30.1,28.2,0.14,0.53,4.15,5.87,0.73,12.34,0.06,0.15,1.52,0.87,0.02,0.04,0,0,0.01
"444","Ursula Le Guin - Left-Handed Commencement Address",1240,706,425,68,47,16032,13690,4424,4329,0.28,0.98,0.6,0.02,0.24,0.35,706,17,31.9,26.1,0.04,0.52,3.94,5.58,0.68,13.04,0.02,0.03,0.39,0.44,0,0.01,0,0,0
"445","Walker69",1988,859,486,80,48,25744,21791,7189,7006,0.28,0.97,0.57,0.01,0.15,0.27,859,17,34.5,26,0.03,0.53,3.79,5.35,0.67,13.17,0.01,0.02,0.24,0.35,0,0.01,0,0,0
"446","Walker77",1147,740,442,67,45,14848,12593,4150,4058,0.28,0.98,0.6,0.03,0.29,0.38,740,17,30.5,25.7,0.05,0.52,4.29,6.07,0.69,13.36,0.02,0.03,0.46,0.48,0,0.01,0,0,0.01
"447","Webb14",2776,1148,647,90,50,35965,30410,10206,9959,0.28,0.98,0.56,0.01,0.19,0.31,1148,17,30.8,26.5,0.03,0.53,4.28,6.05,0.67,13.87,0.01,0.02,0.34,0.41,0,0,0,0,0
"448","William Jefferson Clinton - Oklahoma Bombing Memorial Service",1080,666,405,59,41,13968,11858,3895,3831,0.28,0.98,0.61,0.03,0.41,0.45,666,17,32,25.8,0.05,0.53,3.98,5.64,0.68,13,0.02,0.04,0.6,0.55,0,0.01,0,0,0
"449","William Jennings Bryan - Imperialism",8400,2339,1580,174,111,108884,92698,30653,29931,0.28,0.98,0.68,0.01,0.27,0.37,2339,17,34.2,26.5,0.02,0.53,5.01,7.09,0.67,15.21,0.01,0.01,0.51,0.51,0,0,0,0,0
"450","Woodrow Wilson - Final Address League of Nations",6047,1658,1051,123,79,78362,66408,22006,21419,0.28,0.97,0.63,0.01,0.12,0.25,1658,17,34.5,25.8,0.02,0.53,4.19,5.92,0.66,14.3,0.01,0.01,0.23,0.34,0,0,0,0,0
"451","Woodrow Wilson - Fourteen Points",1278,711,447,71,49,16557,14106,4715,4605,0.28,0.98,0.63,0.03,0.43,0.47,711,17,32.4,26,0.04,0.52,3.91,5.53,0.68,13.02,0.02,0.04,0.57,0.53,0,0.01,0,0,0
"452","Woodrow Wilson - Inaugural Address",1591,857,529,70,51,20601,17592,5796,5667,0.28,0.98,0.62,0.02,0.37,0.43,857,17,31.7,27.1,0.04,0.52,4.22,5.97,0.68,13.48,0.01,0.03,0.47,0.48,0,0.01,0,0,0
"453","Woodrow Wilson - League of Nations",2107,942,568,76,51,27309,23086,7606,7441,0.28,0.98,0.6,0.02,0.38,0.44,942,17,32.8,26,0.03,0.52,4.03,5.7,0.67,13.46,0.01,0.03,0.64,0.56,0,0,0,0,0
"454","Woodrow Wilson - War Message",3629,1458,952,123,84,47054,40025,13297,12980,0.28,0.98,0.65,0.02,0.37,0.43,1458,17,32.5,24.3,0.03,0.52,4.75,6.72,0.68,14.47,0.01,0.02,0.52,0.51,0,0,0,0,0
